-- MySQL dump 10.13  Distrib 8.0.21, for Linux (x86_64)
--
-- Host: localhost    Database: vk
-- ------------------------------------------------------
-- Server version	8.0.21-0ubuntu0.20.04.4

/*!40101 SET @OLD_CHARACTER_SET_CLIENT=@@CHARACTER_SET_CLIENT */;
/*!40101 SET @OLD_CHARACTER_SET_RESULTS=@@CHARACTER_SET_RESULTS */;
/*!40101 SET @OLD_COLLATION_CONNECTION=@@COLLATION_CONNECTION */;
/*!50503 SET NAMES utf8mb4 */;
/*!40103 SET @OLD_TIME_ZONE=@@TIME_ZONE */;
/*!40103 SET TIME_ZONE='+00:00' */;
/*!40014 SET @OLD_UNIQUE_CHECKS=@@UNIQUE_CHECKS, UNIQUE_CHECKS=0 */;
/*!40014 SET @OLD_FOREIGN_KEY_CHECKS=@@FOREIGN_KEY_CHECKS, FOREIGN_KEY_CHECKS=0 */;
/*!40101 SET @OLD_SQL_MODE=@@SQL_MODE, SQL_MODE='NO_AUTO_VALUE_ON_ZERO' */;
/*!40111 SET @OLD_SQL_NOTES=@@SQL_NOTES, SQL_NOTES=0 */;

--
-- Table structure for table `communities`
--

DROP TABLE IF EXISTS `communities`;
/*!40101 SET @saved_cs_client     = @@character_set_client */;
/*!50503 SET character_set_client = utf8mb4 */;
CREATE TABLE `communities` (
  `id` int unsigned NOT NULL AUTO_INCREMENT COMMENT 'Идентификатор сроки',
  `name` varchar(150) CHARACTER SET utf8 COLLATE utf8_unicode_ci NOT NULL COMMENT 'Название группы',
  `created_at` datetime DEFAULT CURRENT_TIMESTAMP COMMENT 'Время создания строки',
  `updated_at` datetime DEFAULT CURRENT_TIMESTAMP ON UPDATE CURRENT_TIMESTAMP COMMENT 'Время обновления строки',
  PRIMARY KEY (`id`),
  UNIQUE KEY `name` (`name`)
) ENGINE=InnoDB AUTO_INCREMENT=101 DEFAULT CHARSET=utf8 COLLATE=utf8_unicode_ci COMMENT='Группы';
/*!40101 SET character_set_client = @saved_cs_client */;

--
-- Dumping data for table `communities`
--

LOCK TABLES `communities` WRITE;
/*!40000 ALTER TABLE `communities` DISABLE KEYS */;
INSERT INTO `communities` VALUES (1,'Labore consequatur voluptatum quas soluta possimus similique.','2012-08-17 18:22:24','2018-03-15 19:17:42'),(2,'Ut tempora ipsam corrupti dolor eum.','2013-10-10 04:32:22','2014-07-09 14:59:22'),(3,'Fuga sunt dicta vero ex aliquam sunt quasi.','2011-03-25 11:36:18','2011-11-06 13:51:58'),(4,'Perspiciatis repellendus possimus eaque at nesciunt.','2013-06-03 02:58:54','2016-07-24 16:47:19'),(5,'Iusto et porro voluptatem dignissimos voluptatum quod.','2017-09-25 01:08:39','2020-09-13 16:31:43'),(6,'Error eius quo nam natus.','2011-11-22 08:49:41','2020-09-13 16:31:43'),(7,'Ut voluptatibus dolor quia molestiae numquam tempora officiis.','2011-05-30 11:58:19','2020-02-21 15:45:46'),(8,'Quo incidunt voluptatem amet consectetur animi expedita.','2015-01-17 09:02:46','2015-12-24 13:30:07'),(9,'Exercitationem rerum nostrum odit commodi aut.','2015-03-11 12:00:52','2015-09-29 10:11:27'),(10,'Eum quasi quod omnis et autem accusantium distinctio voluptas.','2016-07-18 18:31:42','2020-09-13 16:31:43'),(11,'Reprehenderit ipsam sed aliquid minima nisi quam earum.','2016-12-10 15:00:25','2020-09-13 16:31:43'),(12,'Dolores voluptates eius architecto quidem.','2011-12-20 13:32:48','2014-05-24 06:02:54'),(13,'Laboriosam odio magnam a debitis et harum numquam quis.','2020-08-06 06:14:16','2020-09-13 16:31:43'),(14,'Fugit dolorem error voluptatem sit.','2014-02-06 00:13:13','2015-09-26 04:38:48'),(15,'Doloribus quia architecto quisquam doloribus laborum dignissimos officia.','2016-03-28 02:29:14','2018-08-03 10:44:18'),(16,'Et nihil officia aut reiciendis perferendis asperiores id voluptatem.','2011-12-27 01:09:36','2014-01-13 04:38:02'),(17,'Qui enim nulla voluptatem dicta blanditiis.','2013-08-19 01:54:57','2016-03-11 23:06:52'),(18,'Quod laborum fugiat et voluptatum nihil sit doloribus.','2015-07-03 14:15:10','2015-11-14 15:46:32'),(19,'Sit recusandae mollitia minima odio.','2019-04-02 17:36:29','2020-09-13 16:31:43'),(20,'Et perspiciatis maxime aut laborum nesciunt porro maiores nobis.','2019-10-18 07:13:44','2020-09-13 16:31:43');
/*!40000 ALTER TABLE `communities` ENABLE KEYS */;
UNLOCK TABLES;

--
-- Table structure for table `communities_users`
--

DROP TABLE IF EXISTS `communities_users`;
/*!40101 SET @saved_cs_client     = @@character_set_client */;
/*!50503 SET character_set_client = utf8mb4 */;
CREATE TABLE `communities_users` (
  `community_id` int unsigned NOT NULL COMMENT 'Ссылка на группу',
  `user_id` int unsigned NOT NULL COMMENT 'Ссылка на пользователя',
  `created_at` datetime DEFAULT CURRENT_TIMESTAMP COMMENT 'Время создания строки',
  PRIMARY KEY (`community_id`,`user_id`) COMMENT 'Составной первичный ключ'
) ENGINE=InnoDB DEFAULT CHARSET=utf8 COLLATE=utf8_unicode_ci COMMENT='Участники групп, связь между пользователями и группами';
/*!40101 SET character_set_client = @saved_cs_client */;

--
-- Dumping data for table `communities_users`
--

LOCK TABLES `communities_users` WRITE;
/*!40000 ALTER TABLE `communities_users` DISABLE KEYS */;
INSERT INTO `communities_users` VALUES (1,29,'2016-11-14 04:00:03'),(1,40,'2014-06-28 17:32:38'),(1,50,'2016-02-17 22:26:26'),(1,96,'2014-09-30 03:35:04'),(1,99,'2015-02-02 09:35:28'),(2,6,'2012-07-03 17:59:47'),(2,9,'2017-12-15 22:36:57'),(2,10,'2019-07-14 06:39:39'),(2,47,'2019-10-02 14:55:22'),(2,57,'2012-11-02 20:45:59'),(2,70,'2016-05-16 13:24:35'),(2,73,'2013-07-10 04:17:37'),(2,79,'2012-09-20 09:37:01'),(2,85,'2018-05-10 19:36:56'),(2,97,'2010-10-12 07:45:49'),(3,1,'2018-04-08 23:58:31'),(3,4,'2014-07-11 21:33:23'),(3,11,'2012-06-05 01:12:02'),(3,41,'2014-02-20 12:25:33'),(3,45,'2019-03-06 07:16:34'),(3,62,'2015-06-05 12:44:33'),(3,67,'2014-04-23 06:31:01'),(3,87,'2017-01-04 22:04:43'),(4,74,'2020-05-03 11:14:52'),(4,81,'2020-06-15 23:39:06'),(4,90,'2018-03-30 05:49:37'),(5,28,'2017-12-17 19:41:17'),(5,43,'2014-08-02 00:32:51'),(5,82,'2020-01-18 13:54:12'),(5,88,'2011-02-28 10:25:10'),(6,3,'2016-07-27 14:14:05'),(6,25,'2016-02-27 22:13:18'),(7,12,'2016-12-23 15:34:34'),(7,13,'2017-01-27 11:46:34'),(7,27,'2013-07-22 23:23:19'),(7,37,'2014-06-15 12:28:47'),(7,53,'2012-05-06 13:29:42'),(7,63,'2015-12-17 18:33:08'),(7,64,'2015-02-09 18:30:19'),(7,69,'2013-11-03 12:48:51'),(7,71,'2015-07-07 23:51:59'),(7,92,'2017-08-20 08:08:52'),(7,95,'2011-10-20 22:25:25'),(8,51,'2016-06-13 22:16:30'),(8,61,'2018-04-03 19:58:25'),(8,77,'2018-02-06 02:10:36'),(9,22,'2011-12-11 23:36:08'),(9,72,'2014-02-17 05:26:56'),(10,86,'2013-04-04 11:16:50'),(10,98,'2015-04-23 03:41:18'),(11,30,'2019-11-10 15:23:18'),(11,32,'2018-10-28 11:16:15'),(11,42,'2013-05-04 14:43:56'),(11,44,'2012-02-05 11:14:45'),(11,68,'2019-09-07 06:28:03'),(12,7,'2018-06-21 08:28:46'),(12,14,'2014-01-20 05:44:12'),(12,59,'2013-02-15 13:05:21'),(12,91,'2019-10-01 14:34:18'),(13,23,'2011-02-25 11:07:39'),(13,31,'2013-12-11 19:13:29'),(13,39,'2020-04-05 21:34:08'),(13,60,'2018-12-15 08:05:29'),(13,75,'2011-05-28 21:53:08'),(13,84,'2015-09-09 05:49:19'),(14,17,'2014-02-16 11:19:21'),(14,33,'2017-08-12 07:10:56'),(14,66,'2016-07-27 18:18:09'),(14,76,'2020-04-23 09:40:12'),(14,83,'2019-12-18 13:57:16'),(15,2,'2017-04-27 17:21:59'),(15,38,'2018-11-29 06:51:18'),(15,55,'2015-11-11 14:43:52'),(15,65,'2017-12-20 18:29:49'),(15,100,'2016-05-14 09:24:40'),(16,8,'2017-11-12 07:41:41'),(16,18,'2010-12-23 23:21:38'),(16,21,'2014-06-19 23:48:04'),(16,34,'2019-03-30 09:57:54'),(16,58,'2019-06-22 17:17:13'),(16,89,'2019-05-20 14:17:42'),(17,19,'2019-06-22 16:14:21'),(17,24,'2018-09-29 12:14:57'),(17,26,'2016-03-17 09:07:37'),(17,48,'2020-04-14 11:15:53'),(17,78,'2014-10-30 12:44:01'),(17,94,'2014-04-23 22:16:24'),(18,5,'2020-06-18 15:18:29'),(18,16,'2013-12-28 14:24:34'),(18,20,'2014-08-16 17:17:09'),(18,35,'2020-03-30 15:18:57'),(18,46,'2013-12-08 09:53:10'),(18,56,'2018-09-04 08:09:12'),(18,80,'2020-02-24 09:56:51'),(19,15,'2015-08-18 14:08:50'),(19,49,'2018-11-17 20:49:19'),(19,52,'2019-09-24 18:47:27'),(19,54,'2015-10-13 16:24:53'),(20,36,'2017-04-13 08:41:11'),(20,93,'2020-05-14 10:08:29');
/*!40000 ALTER TABLE `communities_users` ENABLE KEYS */;
UNLOCK TABLES;

--
-- Table structure for table `friendship_statuses`
--

DROP TABLE IF EXISTS `friendship_statuses`;
/*!40101 SET @saved_cs_client     = @@character_set_client */;
/*!50503 SET character_set_client = utf8mb4 */;
CREATE TABLE `friendship_statuses` (
  `id` int unsigned NOT NULL AUTO_INCREMENT COMMENT 'Идентификатор строки',
  `name` varchar(150) CHARACTER SET utf8 COLLATE utf8_unicode_ci NOT NULL COMMENT 'Название статуса',
  `created_at` datetime DEFAULT CURRENT_TIMESTAMP COMMENT 'Время создания строки',
  `updated_at` datetime DEFAULT CURRENT_TIMESTAMP ON UPDATE CURRENT_TIMESTAMP COMMENT 'Время обновления строки',
  PRIMARY KEY (`id`),
  UNIQUE KEY `name` (`name`)
) ENGINE=InnoDB AUTO_INCREMENT=4 DEFAULT CHARSET=utf8 COLLATE=utf8_unicode_ci COMMENT='Статусы дружбы';
/*!40101 SET character_set_client = @saved_cs_client */;

--
-- Dumping data for table `friendship_statuses`
--

LOCK TABLES `friendship_statuses` WRITE;
/*!40000 ALTER TABLE `friendship_statuses` DISABLE KEYS */;
INSERT INTO `friendship_statuses` VALUES (1,'Requested','2020-09-13 16:20:19','2020-09-13 16:20:19'),(2,'Confirmed','2020-09-13 16:20:19','2020-09-13 16:20:19'),(3,'Rejected','2020-09-13 16:20:19','2020-09-13 16:20:19');
/*!40000 ALTER TABLE `friendship_statuses` ENABLE KEYS */;
UNLOCK TABLES;

--
-- Table structure for table `friendships`
--

DROP TABLE IF EXISTS `friendships`;
/*!40101 SET @saved_cs_client     = @@character_set_client */;
/*!50503 SET character_set_client = utf8mb4 */;
CREATE TABLE `friendships` (
  `user_id` int unsigned NOT NULL COMMENT 'Ссылка на инициатора дружеских отношений',
  `friend_id` int unsigned NOT NULL COMMENT 'Ссылка на получателя приглашения дружить',
  `status_id` int unsigned NOT NULL COMMENT 'Ссылка на статус (текущее состояние) отношений',
  `requested_at` datetime DEFAULT CURRENT_TIMESTAMP COMMENT 'Время отправления приглашения дружить',
  `confirmed_at` datetime DEFAULT NULL COMMENT 'Время подтверждения приглашения',
  `created_at` datetime DEFAULT CURRENT_TIMESTAMP COMMENT 'Время создания строки',
  `updated_at` datetime DEFAULT CURRENT_TIMESTAMP ON UPDATE CURRENT_TIMESTAMP COMMENT 'Время обновления строки',
  PRIMARY KEY (`user_id`,`friend_id`) COMMENT 'Составной первичный ключ'
) ENGINE=InnoDB DEFAULT CHARSET=utf8 COLLATE=utf8_unicode_ci COMMENT='Таблица дружбы';
/*!40101 SET character_set_client = @saved_cs_client */;

--
-- Dumping data for table `friendships`
--

LOCK TABLES `friendships` WRITE;
/*!40000 ALTER TABLE `friendships` DISABLE KEYS */;
INSERT INTO `friendships` VALUES (1,44,3,'2016-10-19 05:31:16','2017-04-04 19:20:35','2018-07-11 04:34:16','2020-09-13 16:20:49'),(2,49,2,'2020-01-14 14:29:26','2020-09-13 16:14:50','2014-10-10 10:56:31','2020-09-13 16:20:49'),(2,86,2,'2010-10-21 23:37:05','2011-11-10 05:21:51','2014-06-27 10:36:33','2020-09-13 16:20:49'),(6,5,3,'2011-09-25 17:49:07','2019-08-09 13:44:28','2017-11-14 11:38:14','2020-09-13 16:20:49'),(6,15,3,'2013-12-27 00:31:14','2014-02-12 07:12:32','2019-01-11 12:58:13','2020-09-13 16:20:49'),(6,80,1,'2016-03-09 16:14:38','2019-12-21 04:19:35','2015-07-04 05:07:10','2020-09-13 16:20:49'),(7,81,3,'2019-10-17 09:37:15','2020-09-13 16:14:50','2014-11-09 14:39:40','2020-09-13 16:20:49'),(9,62,3,'2015-12-31 06:55:42','2020-02-08 12:07:48','2016-03-23 12:44:09','2020-09-13 16:15:52'),(10,21,3,'2020-06-23 15:06:22','2020-09-13 16:14:50','2020-05-21 12:20:35','2020-09-13 16:15:52'),(12,80,2,'2015-03-21 03:11:27','2018-12-04 17:11:55','2019-10-03 18:44:16','2020-09-13 16:20:49'),(13,34,1,'2011-04-29 21:20:25','2014-09-13 18:08:24','2015-04-27 15:28:39','2020-09-13 16:15:52'),(13,83,2,'2015-05-18 14:29:04','2018-11-18 15:56:45','2013-10-13 06:24:37','2020-09-13 16:20:49'),(16,40,1,'2017-03-26 23:55:55','2020-09-13 16:14:50','2014-12-15 07:52:28','2020-09-13 16:20:49'),(16,47,1,'2012-12-01 16:02:52','2014-03-02 12:48:29','2012-02-02 18:40:33','2020-09-13 16:20:49'),(18,70,1,'2014-04-17 16:04:40','2020-09-13 16:14:50','2011-02-08 22:06:20','2020-09-13 16:20:49'),(20,25,2,'2018-08-16 17:14:01','2020-09-13 16:14:50','2020-07-15 07:44:34','2020-09-13 16:20:49'),(20,44,3,'2011-10-01 08:22:35','2014-06-27 08:30:12','2016-06-17 07:19:08','2020-09-13 16:20:49'),(20,84,2,'2015-10-16 11:04:22','2020-09-13 16:14:50','2018-03-29 00:23:31','2020-09-13 16:20:49'),(21,32,2,'2012-04-14 03:24:03','2020-06-23 05:29:29','2019-10-03 21:30:50','2020-09-13 16:20:49'),(21,47,2,'2010-11-13 07:15:11','2015-07-25 23:35:46','2020-06-28 21:38:36','2020-09-13 16:20:49'),(22,62,2,'2016-10-20 13:15:04','2018-01-19 07:02:03','2013-11-06 07:49:02','2020-09-13 16:20:49'),(25,51,3,'2011-11-25 16:53:57','2018-12-18 03:16:26','2020-02-23 00:13:06','2020-09-13 16:20:49'),(25,61,1,'2015-06-10 16:39:14','2020-09-13 16:14:50','2020-09-02 06:46:08','2020-09-13 16:20:49'),(26,13,3,'2014-02-26 01:44:39','2020-09-13 16:14:50','2013-01-11 04:14:35','2020-09-13 16:20:49'),(29,13,1,'2011-07-08 00:16:46','2014-07-28 02:33:50','2017-04-17 06:30:25','2020-09-13 16:20:49'),(30,51,1,'2013-06-10 03:12:52','2014-03-10 21:29:52','2010-10-31 09:43:02','2020-09-13 16:20:49'),(31,70,2,'2013-02-19 12:21:27','2017-01-31 13:07:25','2013-12-12 06:46:32','2020-09-13 16:20:49'),(32,57,2,'2016-07-03 02:13:40','2020-09-13 16:14:50','2018-06-16 14:56:00','2020-09-13 16:15:52'),(33,5,3,'2011-03-28 11:14:48','2016-09-17 22:41:43','2017-12-18 02:49:06','2020-09-13 16:20:49'),(33,24,3,'2017-02-26 21:03:51','2020-09-13 16:14:50','2013-04-28 10:13:51','2020-09-13 16:20:49'),(33,66,1,'2010-12-02 22:53:45','2018-04-30 23:40:36','2019-07-18 10:05:36','2020-09-13 16:20:49'),(34,9,1,'2020-07-13 02:52:34','2020-09-13 16:14:50','2019-02-15 13:28:54','2020-09-13 16:20:49'),(37,84,1,'2015-04-28 22:26:10','2020-09-13 16:14:50','2016-05-06 05:52:56','2020-09-13 16:20:49'),(38,88,1,'2018-08-17 06:07:00','2020-09-13 16:14:50','2018-05-24 14:19:54','2020-09-13 16:15:52'),(39,47,2,'2017-07-20 02:12:41','2018-03-26 10:03:43','2017-12-22 23:02:55','2020-09-13 16:20:49'),(41,10,1,'2018-09-18 11:13:26','2020-09-13 16:14:50','2016-01-26 21:43:55','2020-09-13 16:20:49'),(44,40,1,'2012-01-02 23:50:24','2017-09-03 04:28:07','2020-06-05 03:07:40','2020-09-13 16:20:49'),(44,92,1,'2018-10-03 11:18:41','2019-05-31 02:08:02','2012-05-15 19:24:35','2020-09-13 16:20:49'),(45,83,1,'2020-08-15 10:11:11','2020-09-13 16:14:50','2012-04-08 12:31:45','2020-09-13 16:20:49'),(45,91,1,'2016-03-04 07:57:42','2020-09-13 16:14:50','2015-10-28 19:25:41','2020-09-13 16:20:49'),(46,4,2,'2019-06-06 00:40:19','2020-09-13 16:14:50','2012-07-22 00:02:53','2020-09-13 16:20:49'),(46,47,1,'2017-12-15 23:51:00','2020-09-13 16:14:50','2016-05-19 20:46:18','2020-09-13 16:20:49'),(47,46,1,'2014-01-05 13:11:05','2017-07-15 03:35:53','2012-01-20 20:18:10','2020-09-13 16:20:49'),(49,85,1,'2016-10-09 17:51:49','2020-09-13 16:14:50','2016-09-26 21:15:25','2020-09-13 16:15:52'),(49,98,3,'2015-06-07 08:46:46','2020-03-22 18:07:35','2015-04-19 12:03:05','2020-09-13 16:20:49'),(50,29,2,'2012-11-17 03:31:01','2019-09-24 20:57:23','2011-06-02 02:44:20','2020-09-13 16:20:49'),(53,51,2,'2013-08-03 10:25:41','2018-06-16 04:49:43','2015-11-11 05:48:05','2020-09-13 16:20:49'),(55,43,1,'2016-02-22 07:41:50','2020-09-13 16:14:50','2011-10-23 16:14:30','2020-09-13 16:20:49'),(56,77,1,'2017-06-21 22:12:15','2020-09-13 16:14:50','2017-09-01 17:40:46','2020-09-13 16:20:49'),(57,38,2,'2015-12-17 12:54:01','2020-05-08 13:00:46','2014-01-19 22:58:08','2020-09-13 16:20:49'),(57,53,3,'2018-10-12 09:18:55','2020-07-12 15:02:12','2014-03-26 02:52:40','2020-09-13 16:20:49'),(57,75,2,'2020-07-16 19:19:15','2020-09-13 16:14:50','2015-02-23 21:13:56','2020-09-13 16:20:49'),(58,77,2,'2019-03-03 20:12:56','2020-09-13 16:14:50','2016-02-16 20:03:11','2020-09-13 16:15:52'),(59,13,3,'2016-06-13 20:06:48','2020-09-13 16:14:50','2016-04-17 08:53:11','2020-09-13 16:20:49'),(59,49,2,'2011-08-25 21:26:10','2018-05-28 12:03:07','2019-12-28 22:54:29','2020-09-13 16:20:49'),(60,48,3,'2015-08-22 16:05:17','2019-03-15 06:05:25','2019-08-19 20:39:40','2020-09-13 16:20:49'),(62,68,1,'2017-01-14 14:53:45','2017-10-05 10:09:58','2017-03-22 16:25:37','2020-09-13 16:20:49'),(63,60,1,'2017-10-12 22:17:16','2019-07-24 10:13:42','2013-05-17 20:08:21','2020-09-13 16:20:49'),(63,77,3,'2017-11-18 14:36:40','2020-09-13 16:14:50','2016-07-26 05:18:27','2020-09-13 16:20:49'),(65,49,1,'2015-10-31 06:11:17','2017-04-13 04:28:03','2018-08-09 19:32:47','2020-09-13 16:20:49'),(66,77,2,'2018-03-30 02:53:50','2020-09-13 16:14:50','2011-02-12 13:30:10','2020-09-13 16:20:49'),(66,86,2,'2016-02-05 00:25:38','2018-09-03 21:50:12','2014-02-24 10:51:40','2020-09-13 16:20:49'),(67,15,2,'2013-01-31 11:43:45','2020-09-13 16:14:50','2019-08-30 01:14:55','2020-09-13 16:20:49'),(67,87,3,'2010-12-31 08:21:31','2019-02-07 11:34:07','2012-10-02 22:20:11','2020-09-13 16:20:49'),(68,14,3,'2018-11-09 07:54:45','2020-09-13 16:14:50','2014-03-08 16:27:25','2020-09-13 16:15:52'),(68,47,2,'2020-07-24 01:55:34','2020-09-13 16:14:50','2015-02-16 09:21:11','2020-09-13 16:20:49'),(72,99,3,'2012-08-05 03:49:53','2014-09-21 07:48:48','2013-10-19 11:53:57','2020-09-13 16:20:49'),(73,19,3,'2011-03-18 20:30:13','2020-09-13 16:14:50','2018-02-04 17:14:46','2020-09-13 16:20:49'),(74,27,3,'2013-01-18 22:34:13','2019-09-17 18:13:09','2015-09-09 01:16:06','2020-09-13 16:20:49'),(74,94,3,'2020-06-02 22:41:06','2020-09-13 16:14:50','2018-09-07 23:07:51','2020-09-13 16:20:49'),(77,28,1,'2014-05-02 20:38:38','2020-09-13 16:14:50','2018-06-11 20:03:43','2020-09-13 16:20:49'),(77,34,2,'2014-01-11 10:19:01','2014-03-29 12:45:30','2020-08-19 21:31:44','2020-09-13 16:20:49'),(77,45,2,'2017-01-20 18:26:59','2020-09-13 16:14:50','2012-05-03 21:57:39','2020-09-13 16:20:49'),(77,86,3,'2015-02-13 16:15:25','2015-04-20 15:47:57','2018-02-23 11:49:07','2020-09-13 16:20:49'),(78,38,2,'2016-12-01 05:15:17','2020-09-13 16:14:50','2014-07-25 08:07:16','2020-09-13 16:20:49'),(78,80,3,'2013-04-26 18:02:56','2019-03-26 10:24:39','2015-06-24 02:41:00','2020-09-13 16:20:49'),(79,9,3,'2012-07-22 03:44:35','2014-03-07 18:40:55','2016-09-24 00:50:15','2020-09-13 16:20:49'),(79,87,2,'2012-09-23 11:21:56','2014-08-25 14:35:02','2020-04-02 14:30:38','2020-09-13 16:20:49'),(80,41,2,'2012-12-21 23:13:53','2019-06-08 02:06:02','2018-08-13 15:05:22','2020-09-13 16:15:52'),(82,67,1,'2016-03-19 09:01:00','2016-07-24 03:10:44','2012-01-20 06:44:35','2020-09-13 16:15:52'),(82,78,2,'2012-03-05 11:00:05','2019-06-04 16:03:12','2016-05-15 16:07:41','2020-09-13 16:20:49'),(83,63,2,'2018-02-08 20:09:45','2020-09-13 16:14:50','2017-11-15 22:30:03','2020-09-13 16:20:49'),(83,74,2,'2017-04-24 21:37:51','2020-09-13 16:14:50','2020-01-21 08:08:59','2020-09-13 16:20:49'),(84,80,3,'2012-01-22 23:06:23','2018-09-16 23:05:46','2011-07-18 04:13:58','2020-09-13 16:20:49'),(86,92,1,'2020-05-24 23:41:45','2020-09-13 16:14:50','2017-05-04 22:29:11','2020-09-13 16:15:52'),(87,4,1,'2013-05-01 10:36:59','2015-08-26 10:39:03','2010-11-04 15:38:56','2020-09-13 16:15:52'),(88,69,1,'2018-10-24 02:10:42','2020-09-13 16:14:50','2013-06-24 01:17:59','2020-09-13 16:20:49'),(88,99,1,'2015-09-26 20:46:42','2017-07-13 01:00:39','2020-08-14 04:08:19','2020-09-13 16:20:49'),(89,1,1,'2015-03-10 05:54:46','2020-09-13 16:14:50','2019-09-26 08:03:47','2020-09-13 16:20:49'),(89,45,2,'2016-12-30 05:37:35','2020-09-13 16:14:50','2016-12-24 16:06:09','2020-09-13 16:15:52'),(90,10,1,'2011-12-16 13:36:19','2020-07-20 17:54:34','2016-05-02 11:38:08','2020-09-13 16:20:49'),(92,19,3,'2019-08-11 08:49:05','2020-09-13 16:14:50','2015-06-18 10:13:38','2020-09-13 16:20:49'),(92,27,3,'2017-10-22 19:59:08','2020-09-13 16:14:50','2018-12-14 00:58:40','2020-09-13 16:20:49'),(94,18,1,'2017-05-17 16:23:58','2020-09-13 16:14:50','2014-03-26 18:51:25','2020-09-13 16:20:49'),(95,14,3,'2020-01-25 07:37:34','2020-04-12 04:02:35','2015-07-25 18:06:49','2020-09-13 16:20:49'),(96,82,3,'2020-07-30 17:11:54','2020-09-13 16:14:50','2016-11-22 16:37:46','2020-09-13 16:20:49'),(96,93,1,'2011-01-13 02:50:02','2019-10-07 14:23:15','2011-04-09 00:16:14','2020-09-13 16:20:49'),(97,51,2,'2019-06-23 02:14:49','2020-09-13 16:14:50','2016-10-11 08:41:39','2020-09-13 16:20:49'),(98,28,3,'2015-09-28 05:03:32','2020-09-13 16:14:50','2017-07-13 11:28:45','2020-09-13 16:20:49'),(99,20,2,'2013-03-03 16:53:14','2016-06-12 20:21:40','2017-01-19 13:17:20','2020-09-13 16:15:52');
/*!40000 ALTER TABLE `friendships` ENABLE KEYS */;
UNLOCK TABLES;

--
-- Table structure for table `media`
--

DROP TABLE IF EXISTS `media`;
/*!40101 SET @saved_cs_client     = @@character_set_client */;
/*!50503 SET character_set_client = utf8mb4 */;
CREATE TABLE `media` (
  `id` int unsigned NOT NULL AUTO_INCREMENT COMMENT 'Идентификатор строки',
  `user_id` int unsigned NOT NULL COMMENT 'Ссылка на пользователя, который загрузил файл',
  `filename` varchar(255) CHARACTER SET utf8 COLLATE utf8_unicode_ci NOT NULL COMMENT 'Путь к файлу',
  `size` int NOT NULL COMMENT 'Размер файла',
  `metadata` json DEFAULT NULL,
  `media_type_id` int unsigned NOT NULL COMMENT 'Ссылка на тип контента',
  `created_at` datetime DEFAULT CURRENT_TIMESTAMP COMMENT 'Время создания строки',
  `updated_at` datetime DEFAULT CURRENT_TIMESTAMP ON UPDATE CURRENT_TIMESTAMP COMMENT 'Время обновления строки',
  PRIMARY KEY (`id`),
  CONSTRAINT `media_chk_1` CHECK (json_valid(`metadata`))
) ENGINE=InnoDB AUTO_INCREMENT=101 DEFAULT CHARSET=utf8 COLLATE=utf8_unicode_ci COMMENT='Медиафайлы';
/*!40101 SET character_set_client = @saved_cs_client */;

--
-- Dumping data for table `media`
--

LOCK TABLES `media` WRITE;
/*!40000 ALTER TABLE `media` DISABLE KEYS */;
INSERT INTO `media` VALUES (1,35,'http://dropbox.net/vk/Yost.avi',593379,'{\"owner\": \"Micaela Miller\"}',2,'2015-02-20 15:09:22','2020-09-13 15:45:09'),(2,81,'http://dropbox.net/vk/Jones.jpeg',4747,'{\"owner\": \"Michale Ferry\"}',1,'2012-08-31 15:06:44','2020-09-13 15:45:09'),(3,2,'http://dropbox.net/vk/Lowe.avi',434688473,'{\"owner\": \"Green Bogan\"}',1,'2020-01-12 05:16:55','2020-09-13 15:45:09'),(4,64,'http://dropbox.net/vk/Beahan.png',656564,'{\"owner\": \"Amber Miller\"}',1,'2011-02-07 01:05:34','2020-09-13 15:45:09'),(5,15,'http://dropbox.net/vk/Jast.jpeg',879938,'{\"owner\": \"Maia Stamm\"}',3,'2011-04-10 00:49:20','2020-09-13 15:45:09'),(6,81,'http://dropbox.net/vk/Huel.jpeg',7818,'{\"owner\": \"Michale Ferry\"}',2,'2014-03-27 22:16:56','2020-09-13 15:45:09'),(7,60,'http://dropbox.net/vk/Gleason.avi',609555,'{\"owner\": \"Amaya Hyatt\"}',1,'2015-10-29 15:43:45','2020-09-13 15:45:09'),(8,57,'http://dropbox.net/vk/Schaden.jpeg',20121,'{\"owner\": \"Dax Kub\"}',3,'2016-12-25 01:12:49','2020-09-13 15:45:09'),(9,3,'http://dropbox.net/vk/Bartell.jpeg',397963,'{\"owner\": \"Derek Hirthe\"}',3,'2018-11-01 04:01:42','2020-09-13 15:45:09'),(10,44,'http://dropbox.net/vk/Altenwerth.png',8675375,'{\"owner\": \"Javon Koch\"}',3,'2011-01-27 17:50:36','2020-09-13 15:45:09'),(11,10,'http://dropbox.net/vk/Luettgen.png',7038997,'{\"owner\": \"Emelia Koss\"}',3,'2018-07-07 19:51:26','2020-09-13 15:45:09'),(12,19,'http://dropbox.net/vk/Glover.jpeg',33695,'{\"owner\": \"Alia Mohr\"}',1,'2016-05-14 01:39:19','2020-09-13 15:45:09'),(13,65,'http://dropbox.net/vk/Lind.avi',151149,'{\"owner\": \"Verna Sanford\"}',2,'2016-10-08 21:18:33','2020-09-13 15:45:09'),(14,66,'http://dropbox.net/vk/Kertzmann.jpeg',87878664,'{\"owner\": \"Theresa Kertzmann\"}',3,'2019-12-24 13:17:09','2020-09-13 15:45:09'),(15,36,'http://dropbox.net/vk/Mills.png',7084,'{\"owner\": \"Norris Lockman\"}',1,'2019-11-25 09:51:33','2020-09-13 15:45:09'),(16,80,'http://dropbox.net/vk/Bernhard.jpeg',35900268,'{\"owner\": \"Vita Altenwerth\"}',1,'2016-06-02 05:47:36','2020-09-13 15:45:09'),(17,93,'http://dropbox.net/vk/King.png',782205,'{\"owner\": \"Danielle Goodwin\"}',2,'2019-02-04 18:40:36','2020-09-13 15:45:09'),(18,23,'http://dropbox.net/vk/Crooks.png',551855,'{\"owner\": \"Terrill Barrows\"}',1,'2017-04-09 23:42:51','2020-09-13 15:45:09'),(19,34,'http://dropbox.net/vk/Kulas.mpeg',295829,'{\"owner\": \"Augusta Huel\"}',3,'2012-10-18 04:26:06','2020-09-13 15:45:09'),(20,2,'http://dropbox.net/vk/Schinner.mpeg',813581,'{\"owner\": \"Green Bogan\"}',2,'2019-10-09 04:05:05','2020-09-13 15:45:09'),(21,8,'http://dropbox.net/vk/Block.png',4260372,'{\"owner\": \"Brice Pacocha\"}',2,'2018-12-09 08:29:33','2020-09-13 15:45:09'),(22,31,'http://dropbox.net/vk/Tillman.png',982093,'{\"owner\": \"Wilson Mills\"}',3,'2013-07-14 20:25:21','2020-09-13 15:45:09'),(23,32,'http://dropbox.net/vk/Wolf.jpeg',170418,'{\"owner\": \"Angelica Swaniawski\"}',1,'2011-01-26 08:17:39','2020-09-13 15:45:09'),(24,68,'http://dropbox.net/vk/Bartell.jpeg',401346,'{\"owner\": \"Renee Kassulke\"}',3,'2018-12-18 07:45:07','2020-09-13 15:45:09'),(25,44,'http://dropbox.net/vk/Cronin.jpeg',21421634,'{\"owner\": \"Javon Koch\"}',2,'2011-02-10 20:12:20','2020-09-13 15:45:09'),(26,16,'http://dropbox.net/vk/Bergnaum.avi',485479,'{\"owner\": \"Erwin Wolf\"}',3,'2018-02-15 22:06:31','2020-09-13 15:45:09'),(27,47,'http://dropbox.net/vk/Mills.avi',611697561,'{\"owner\": \"Ulises O\'Keefe\"}',1,'2014-07-13 23:11:09','2020-09-13 15:45:09'),(28,86,'http://dropbox.net/vk/Kuphal.mpeg',46392,'{\"owner\": \"Ona Beahan\"}',2,'2013-01-22 06:13:52','2020-09-13 15:45:09'),(29,91,'http://dropbox.net/vk/Berge.avi',994338215,'{\"owner\": \"Brady Cronin\"}',2,'2011-08-24 15:44:03','2020-09-13 15:45:09'),(30,93,'http://dropbox.net/vk/McCullough.avi',213357,'{\"owner\": \"Danielle Goodwin\"}',3,'2017-04-05 19:49:02','2020-09-13 15:45:09'),(31,92,'http://dropbox.net/vk/Kub.jpeg',24062,'{\"owner\": \"Harrison O\'Keefe\"}',3,'2012-09-05 16:50:30','2020-09-13 15:45:09'),(32,81,'http://dropbox.net/vk/Altenwerth.jpeg',66533,'{\"owner\": \"Michale Ferry\"}',2,'2012-06-28 11:24:19','2020-09-13 15:45:09'),(33,31,'http://dropbox.net/vk/Daniel.mpeg',501351,'{\"owner\": \"Wilson Mills\"}',1,'2017-05-28 20:39:37','2020-09-13 15:45:09'),(34,8,'http://dropbox.net/vk/Beahan.avi',600348,'{\"owner\": \"Brice Pacocha\"}',3,'2010-09-18 22:18:31','2020-09-13 15:45:09'),(35,46,'http://dropbox.net/vk/Bogan.avi',351671,'{\"owner\": \"Marques Simonis\"}',3,'2018-11-09 11:19:47','2020-09-13 15:45:09'),(36,8,'http://dropbox.net/vk/Mills.png',921875,'{\"owner\": \"Brice Pacocha\"}',2,'2011-04-22 10:01:47','2020-09-13 15:45:09'),(37,3,'http://dropbox.net/vk/Purdy.avi',770822302,'{\"owner\": \"Derek Hirthe\"}',1,'2012-05-16 07:22:59','2020-09-13 15:45:09'),(38,87,'http://dropbox.net/vk/Altenwerth.jpeg',947312,'{\"owner\": \"Maribel Barton\"}',1,'2014-10-28 05:43:42','2020-09-13 15:45:09'),(39,27,'http://dropbox.net/vk/Mills.png',9167,'{\"owner\": \"Oral Jast\"}',1,'2015-01-25 21:21:23','2020-09-13 15:45:09'),(40,72,'http://dropbox.net/vk/Strosin.jpeg',34006409,'{\"owner\": \"Thelma Strosin\"}',3,'2017-07-07 09:21:02','2020-09-13 15:45:09'),(41,78,'http://dropbox.net/vk/Langworth.jpeg',671549,'{\"owner\": \"Cory Prosacco\"}',2,'2013-03-07 22:10:32','2020-09-13 15:45:09'),(42,74,'http://dropbox.net/vk/Jast.avi',36309106,'{\"owner\": \"D\'angelo King\"}',2,'2018-10-13 20:54:06','2020-09-13 15:45:09'),(43,35,'http://dropbox.net/vk/Lind.jpeg',62055,'{\"owner\": \"Micaela Miller\"}',1,'2019-07-14 08:03:19','2020-09-13 15:45:09'),(44,55,'http://dropbox.net/vk/Miller.png',433678,'{\"owner\": \"Elbert Morissette\"}',3,'2017-07-24 23:03:46','2020-09-13 15:45:09'),(45,68,'http://dropbox.net/vk/Miller.png',743352648,'{\"owner\": \"Renee Kassulke\"}',2,'2017-05-22 20:55:28','2020-09-13 15:45:09'),(46,76,'http://dropbox.net/vk/Block.avi',78881699,'{\"owner\": \"Ellen Friesen\"}',1,'2019-03-13 23:51:51','2020-09-13 15:45:09'),(47,76,'http://dropbox.net/vk/Mohr.avi',505806,'{\"owner\": \"Ellen Friesen\"}',2,'2020-05-28 10:23:06','2020-09-13 15:45:09'),(48,50,'http://dropbox.net/vk/Simonis.png',504386,'{\"owner\": \"Eloisa Zieme\"}',2,'2010-09-18 07:34:26','2020-09-13 15:45:09'),(49,21,'http://dropbox.net/vk/Tillman.jpeg',994511,'{\"owner\": \"Nella Jast\"}',3,'2017-11-15 18:25:09','2020-09-13 15:45:09'),(50,53,'http://dropbox.net/vk/Kovacek.avi',449398,'{\"owner\": \"Deondre Simonis\"}',2,'2010-12-18 14:49:00','2020-09-13 15:45:09'),(51,4,'http://dropbox.net/vk/Koch.png',3574,'{\"owner\": \"Mustafa Swift\"}',1,'2020-03-22 14:24:48','2020-09-13 15:45:09'),(52,61,'http://dropbox.net/vk/Barrows.mpeg',65611756,'{\"owner\": \"Carolanne Spencer\"}',2,'2012-12-08 09:38:26','2020-09-13 15:45:09'),(53,92,'http://dropbox.net/vk/Lockman.png',253456,'{\"owner\": \"Harrison O\'Keefe\"}',3,'2014-10-29 18:18:12','2020-09-13 15:45:09'),(54,75,'http://dropbox.net/vk/King.png',11598,'{\"owner\": \"Jimmie Schinner\"}',3,'2017-04-29 01:01:53','2020-09-13 15:45:09'),(55,99,'http://dropbox.net/vk/Langworth.jpeg',909087,'{\"owner\": \"Chloe Purdy\"}',1,'2020-05-20 12:30:13','2020-09-13 15:45:09'),(56,70,'http://dropbox.net/vk/Kovacek.png',7681,'{\"owner\": \"Hector Schinner\"}',1,'2017-11-16 06:36:58','2020-09-13 15:45:09'),(57,53,'http://dropbox.net/vk/Gutmann.avi',43786632,'{\"owner\": \"Deondre Simonis\"}',2,'2011-04-27 02:05:02','2020-09-13 15:45:09'),(58,56,'http://dropbox.net/vk/O\'Keefe.mpeg',69153,'{\"owner\": \"Coty Kovacek\"}',1,'2011-08-13 12:43:18','2020-09-13 15:45:09'),(59,18,'http://dropbox.net/vk/Prosacco.mpeg',47396,'{\"owner\": \"Carey Yost\"}',2,'2014-09-08 01:01:11','2020-09-13 15:45:09'),(60,22,'http://dropbox.net/vk/Ferry.mpeg',3738855,'{\"owner\": \"Maegan Daniel\"}',2,'2017-06-18 19:38:38','2020-09-13 15:45:09'),(61,57,'http://dropbox.net/vk/Swift.avi',4883,'{\"owner\": \"Dax Kub\"}',3,'2014-01-06 13:49:48','2020-09-13 15:45:09'),(62,16,'http://dropbox.net/vk/Greenholt.mpeg',7122,'{\"owner\": \"Erwin Wolf\"}',2,'2019-07-16 03:47:24','2020-09-13 15:45:09'),(63,9,'http://dropbox.net/vk/Goodwin.png',775066,'{\"owner\": \"Alayna Greenholt\"}',2,'2015-01-26 20:04:23','2020-09-13 15:45:09'),(64,95,'http://dropbox.net/vk/Strosin.avi',59512500,'{\"owner\": \"Ariel Stark\"}',1,'2016-12-16 00:05:38','2020-09-13 15:45:09'),(65,49,'http://dropbox.net/vk/Haag.png',138071,'{\"owner\": \"Jazmin Bartell\"}',2,'2010-12-13 14:25:34','2020-09-13 15:45:09'),(66,58,'http://dropbox.net/vk/Crooks.mpeg',1698,'{\"owner\": \"Cleta Block\"}',1,'2015-05-19 21:08:39','2020-09-13 15:45:09'),(67,43,'http://dropbox.net/vk/Schultz.avi',355158,'{\"owner\": \"Margarita Rice\"}',2,'2018-04-21 14:49:34','2020-09-13 15:45:09'),(68,40,'http://dropbox.net/vk/Maggio.jpeg',56348431,'{\"owner\": \"Elsa Haag\"}',3,'2011-01-19 02:08:38','2020-09-13 15:45:09'),(69,73,'http://dropbox.net/vk/Huel.jpeg',10205582,'{\"owner\": \"Kayleigh Bernhard\"}',1,'2014-08-05 08:01:14','2020-09-13 15:45:09'),(70,43,'http://dropbox.net/vk/Bernier.jpeg',149516,'{\"owner\": \"Margarita Rice\"}',1,'2016-04-02 14:45:53','2020-09-13 15:45:09'),(71,95,'http://dropbox.net/vk/Mohr.png',62829047,'{\"owner\": \"Ariel Stark\"}',3,'2018-09-17 00:06:24','2020-09-13 15:45:09'),(72,47,'http://dropbox.net/vk/Bechtelar.mpeg',27753355,'{\"owner\": \"Ulises O\'Keefe\"}',1,'2017-05-09 00:46:48','2020-09-13 15:45:09'),(73,48,'http://dropbox.net/vk/Koch.jpeg',351577,'{\"owner\": \"Enid Deckow\"}',2,'2017-12-29 15:12:07','2020-09-13 15:45:09'),(74,100,'http://dropbox.net/vk/Christiansen.mpeg',682414,'{\"owner\": \"Lew Tillman\"}',1,'2011-12-08 04:31:37','2020-09-13 15:45:09'),(75,55,'http://dropbox.net/vk/Kertzmann.jpeg',163284,'{\"owner\": \"Elbert Morissette\"}',1,'2017-04-18 16:04:46','2020-09-13 15:45:09'),(76,74,'http://dropbox.net/vk/Berge.avi',347336,'{\"owner\": \"D\'angelo King\"}',3,'2019-10-15 16:48:01','2020-09-13 15:45:09'),(77,6,'http://dropbox.net/vk/Strosin.jpeg',36171395,'{\"owner\": \"Twila Herman\"}',1,'2011-09-02 11:36:29','2020-09-13 15:45:09'),(78,8,'http://dropbox.net/vk/Stamm.avi',591251864,'{\"owner\": \"Brice Pacocha\"}',1,'2010-11-16 22:50:27','2020-09-13 15:45:09'),(79,21,'http://dropbox.net/vk/Schaden.jpeg',848561275,'{\"owner\": \"Nella Jast\"}',3,'2019-05-28 21:41:03','2020-09-13 15:45:09'),(80,81,'http://dropbox.net/vk/Schoen.avi',679441,'{\"owner\": \"Michale Ferry\"}',2,'2019-02-20 09:13:17','2020-09-13 15:45:09'),(81,39,'http://dropbox.net/vk/King.avi',84760826,'{\"owner\": \"Arvel Stroman\"}',1,'2018-01-18 08:05:38','2020-09-13 15:45:09'),(82,53,'http://dropbox.net/vk/Hirthe.jpeg',345197,'{\"owner\": \"Deondre Simonis\"}',2,'2016-04-19 22:51:35','2020-09-13 15:45:09'),(83,49,'http://dropbox.net/vk/Lowe.avi',58062701,'{\"owner\": \"Jazmin Bartell\"}',1,'2013-08-01 02:04:26','2020-09-13 15:45:09'),(84,86,'http://dropbox.net/vk/Jast.avi',677660,'{\"owner\": \"Ona Beahan\"}',3,'2019-11-21 18:15:13','2020-09-13 15:45:09'),(85,80,'http://dropbox.net/vk/Yost.jpeg',5181,'{\"owner\": \"Vita Altenwerth\"}',2,'2018-10-29 03:46:46','2020-09-13 15:45:09'),(86,43,'http://dropbox.net/vk/Jast.png',342713,'{\"owner\": \"Margarita Rice\"}',1,'2020-05-02 07:58:19','2020-09-13 15:45:09'),(87,73,'http://dropbox.net/vk/Luettgen.png',6974877,'{\"owner\": \"Kayleigh Bernhard\"}',2,'2014-09-27 22:18:45','2020-09-13 15:45:09'),(88,36,'http://dropbox.net/vk/Swift.jpeg',52632,'{\"owner\": \"Norris Lockman\"}',3,'2015-04-05 11:04:19','2020-09-13 15:45:09'),(89,60,'http://dropbox.net/vk/Cassin.mpeg',5532163,'{\"owner\": \"Amaya Hyatt\"}',3,'2019-11-27 05:01:12','2020-09-13 15:45:09'),(90,93,'http://dropbox.net/vk/Tillman.mpeg',670585,'{\"owner\": \"Danielle Goodwin\"}',1,'2019-05-21 04:11:30','2020-09-13 15:45:09'),(91,84,'http://dropbox.net/vk/Berge.mpeg',31280268,'{\"owner\": \"Jaylan Lowe\"}',3,'2018-12-13 04:06:58','2020-09-13 15:45:09'),(92,41,'http://dropbox.net/vk/Veum.png',2395145,'{\"owner\": \"Amos Bechtelar\"}',1,'2012-06-04 01:23:42','2020-09-13 15:45:09'),(93,53,'http://dropbox.net/vk/Johnston.avi',314788,'{\"owner\": \"Deondre Simonis\"}',1,'2020-08-07 06:08:31','2020-09-13 15:45:09'),(94,40,'http://dropbox.net/vk/Greenholt.jpeg',60059522,'{\"owner\": \"Elsa Haag\"}',3,'2014-05-04 04:33:04','2020-09-13 15:45:09'),(95,39,'http://dropbox.net/vk/Schinner.mpeg',710102414,'{\"owner\": \"Arvel Stroman\"}',1,'2016-07-04 12:01:07','2020-09-13 15:45:09'),(96,78,'http://dropbox.net/vk/Simonis.avi',7669553,'{\"owner\": \"Cory Prosacco\"}',2,'2017-12-15 13:12:15','2020-09-13 15:45:09'),(97,69,'http://dropbox.net/vk/Murphy.avi',552183,'{\"owner\": \"Lenna Bergnaum\"}',3,'2019-02-09 22:46:00','2020-09-13 15:45:09'),(98,12,'http://dropbox.net/vk/Barrows.avi',871236442,'{\"owner\": \"Everett Kreiger\"}',1,'2012-12-30 15:32:12','2020-09-13 15:45:09'),(99,53,'http://dropbox.net/vk/Murphy.avi',75249866,'{\"owner\": \"Deondre Simonis\"}',1,'2016-07-05 04:09:18','2020-09-13 15:45:09'),(100,29,'http://dropbox.net/vk/Stroman.jpeg',806551,'{\"owner\": \"Jacynthe McGlynn\"}',2,'2016-08-14 06:03:30','2020-09-13 15:45:09');
/*!40000 ALTER TABLE `media` ENABLE KEYS */;
UNLOCK TABLES;

--
-- Table structure for table `media_types`
--

DROP TABLE IF EXISTS `media_types`;
/*!40101 SET @saved_cs_client     = @@character_set_client */;
/*!50503 SET character_set_client = utf8mb4 */;
CREATE TABLE `media_types` (
  `id` int unsigned NOT NULL AUTO_INCREMENT COMMENT 'Идентификатор строки',
  `name` varchar(255) CHARACTER SET utf8 COLLATE utf8_unicode_ci NOT NULL COMMENT 'Название типа',
  `created_at` datetime DEFAULT CURRENT_TIMESTAMP COMMENT 'Время создания строки',
  `updated_at` datetime DEFAULT CURRENT_TIMESTAMP ON UPDATE CURRENT_TIMESTAMP COMMENT 'Время обновления строки',
  PRIMARY KEY (`id`),
  UNIQUE KEY `name` (`name`)
) ENGINE=InnoDB AUTO_INCREMENT=4 DEFAULT CHARSET=utf8 COLLATE=utf8_unicode_ci COMMENT='Типы медиафайлов';
/*!40101 SET character_set_client = @saved_cs_client */;

--
-- Dumping data for table `media_types`
--

LOCK TABLES `media_types` WRITE;
/*!40000 ALTER TABLE `media_types` DISABLE KEYS */;
INSERT INTO `media_types` VALUES (1,'photo','2020-09-13 14:24:25','2020-09-13 14:24:25'),(2,'video','2020-09-13 14:24:25','2020-09-13 14:24:25'),(3,'audio','2020-09-13 14:24:25','2020-09-13 14:24:25');
/*!40000 ALTER TABLE `media_types` ENABLE KEYS */;
UNLOCK TABLES;

--
-- Table structure for table `messages`
--

DROP TABLE IF EXISTS `messages`;
/*!40101 SET @saved_cs_client     = @@character_set_client */;
/*!50503 SET character_set_client = utf8mb4 */;
CREATE TABLE `messages` (
  `id` int unsigned NOT NULL AUTO_INCREMENT COMMENT 'Идентификатор строки',
  `from_user_id` int unsigned NOT NULL COMMENT 'Ссылка на отправителя сообщения',
  `to_user_id` int unsigned NOT NULL COMMENT 'Ссылка на получателя сообщения',
  `body` text CHARACTER SET utf8 COLLATE utf8_unicode_ci NOT NULL COMMENT 'Текст сообщения',
  `is_important` tinyint(1) DEFAULT NULL COMMENT 'Признак важности',
  `is_delivered` tinyint(1) DEFAULT NULL COMMENT 'Признак доставки',
  `created_at` datetime DEFAULT CURRENT_TIMESTAMP COMMENT 'Время создания строки',
  `updated_at` datetime DEFAULT CURRENT_TIMESTAMP ON UPDATE CURRENT_TIMESTAMP COMMENT 'Время обновления строки',
  PRIMARY KEY (`id`)
) ENGINE=InnoDB AUTO_INCREMENT=101 DEFAULT CHARSET=utf8 COLLATE=utf8_unicode_ci COMMENT='Сообщения';
/*!40101 SET character_set_client = @saved_cs_client */;

--
-- Dumping data for table `messages`
--

LOCK TABLES `messages` WRITE;
/*!40000 ALTER TABLE `messages` DISABLE KEYS */;
INSERT INTO `messages` VALUES (1,23,60,'Nihil fuga unde voluptatem unde non natus. A in perferendis magnam quo voluptatem. Tempora dolores dolore repellendus minus sequi officiis voluptatum. Ut perferendis quaerat alias qui dicta. Sequi quibusdam aut repudiandae iste eveniet quas ipsum nihil.',1,1,'2014-09-27 18:55:29','2020-09-13 13:58:39'),(2,27,56,'Similique sint et illo incidunt corrupti incidunt. Ut eveniet dolore eos neque animi. Optio quo ratione optio omnis. Numquam repellendus eveniet odit fuga sit neque. Aliquam odit quisquam eum repellendus et.',1,1,'2013-04-02 19:59:26','2020-09-13 13:58:39'),(3,97,16,'Reprehenderit distinctio atque suscipit eum et enim. Tenetur corporis numquam totam sint enim quo voluptatem.',0,0,'2020-08-02 16:40:53','2020-09-13 13:58:39'),(4,89,96,'Maiores qui explicabo labore rem qui repudiandae. Quaerat aspernatur est quo dolor et. Est ratione veritatis et id velit.',1,0,'2017-11-26 19:26:56','2020-09-13 13:58:39'),(5,11,68,'Qui accusamus soluta ut quod quod aut aut. Qui aliquid quia repudiandae voluptas nihil aliquid vitae.',1,0,'2017-12-29 02:34:28','2020-09-13 13:58:39'),(6,8,34,'Cum quis sed qui hic laudantium nobis molestiae. Odit aliquam dolor omnis pariatur dolores. Et sed aut est enim ex ut perspiciatis laboriosam. Sed error magnam architecto dignissimos ipsum ea.',1,1,'2012-07-07 17:34:53','2020-09-13 13:58:39'),(7,45,24,'Expedita vel aliquid magnam qui aut placeat. Nobis debitis aut quae consequatur at quis. Est quas quia et eum eligendi possimus et. Harum repudiandae aut non itaque et.',1,0,'2014-03-31 01:45:08','2020-09-13 13:58:39'),(8,82,39,'Qui ut a labore quo quidem at. Qui eum eveniet voluptas mollitia minima. Perspiciatis possimus qui illum iste dolor.',0,0,'2013-08-10 18:40:59','2020-09-13 13:58:39'),(9,48,23,'Deserunt et laudantium aut cumque adipisci saepe consequuntur minima. Nihil dolorum aliquid dicta amet quibusdam.',1,1,'2018-12-10 03:02:46','2020-09-13 13:58:39'),(10,70,79,'Repudiandae voluptatibus nostrum est ut. Iste sint consectetur exercitationem quo consequuntur sed aut. Minus nam labore impedit eum.',1,0,'2013-07-22 15:38:56','2020-09-13 13:58:39'),(11,87,98,'Aut velit laudantium non aperiam nulla. Eos facilis quia hic est doloremque libero. Corrupti quas iusto aut officia.',1,1,'2016-01-05 15:13:02','2020-09-13 13:58:39'),(12,30,52,'Amet cumque veniam exercitationem nulla. Inventore explicabo vel ratione similique alias reprehenderit dolorum autem. Incidunt dolorem et sed et.',1,0,'2020-01-27 06:39:35','2020-09-13 13:58:39'),(13,71,100,'Laudantium nihil quia enim et odit est. Aut est non deleniti autem dicta.',0,0,'2019-02-10 14:08:04','2020-09-13 13:58:39'),(14,85,27,'Quis dignissimos accusamus quod voluptatem animi. Nemo optio facere non voluptatum totam labore ducimus autem. Consequuntur quasi et at. Ut nobis perferendis repellendus voluptas et omnis.',1,1,'2014-03-11 12:22:39','2020-09-13 13:58:39'),(15,76,99,'Blanditiis velit ipsa nihil maxime quasi saepe animi. Inventore quia quidem ut quam libero a. Et quisquam aut laboriosam quia est facilis eos.',1,0,'2011-05-05 16:55:27','2020-09-13 13:58:39'),(16,67,37,'Mollitia non qui nostrum hic reprehenderit veritatis officiis. Sunt harum vel error assumenda ipsa. Error et voluptas dignissimos natus est. Ut et est ex ab consequatur dolores autem.',0,0,'2011-04-08 20:40:45','2020-09-13 13:58:39'),(17,84,9,'Numquam debitis reiciendis molestiae eligendi occaecati. Commodi non omnis optio magni. Sint ea autem et commodi officiis. Magnam vero voluptas optio aut ut non fugiat repellat.',1,0,'2011-06-07 00:25:51','2020-09-13 13:58:39'),(18,90,25,'Ea quas et ratione placeat maiores aut. Dignissimos itaque enim cupiditate corrupti rerum voluptatem in quod. Et consequatur est nesciunt vel harum est. Deserunt dicta reiciendis iste ut excepturi nulla et.',1,0,'2017-02-02 12:12:40','2020-09-13 13:58:39'),(19,54,95,'Quidem omnis laudantium incidunt aliquam omnis veniam. Libero nam molestiae sunt hic. Numquam et quod error assumenda assumenda dicta. Nisi enim hic dolorem et.',0,0,'2015-10-24 22:15:06','2020-09-13 13:58:39'),(20,11,70,'Laborum aliquid minima et eos earum sed sint accusamus. Eos est deserunt dolorem sit. Rerum at ea ducimus eos. Dolorem delectus vero ut mollitia similique.',1,0,'2017-06-16 06:42:05','2020-09-13 13:58:39'),(21,16,68,'Corporis illo doloremque tenetur eum sed. Illum a corporis sed illum ea voluptas possimus. Cum fugit nihil enim et est sint.',1,0,'2020-03-05 08:09:22','2020-09-13 13:58:39'),(22,94,66,'Voluptas autem soluta nihil sunt quod. Maxime eius aliquam nulla voluptates natus praesentium. Occaecati at et autem. Error architecto repudiandae molestiae et.',0,1,'2015-02-04 03:22:15','2020-09-13 13:58:39'),(23,47,36,'Laborum asperiores nihil sapiente praesentium non quo et. Consectetur quia explicabo hic ut eum. Architecto assumenda eos est minima dolore omnis. Repellendus odio ipsa laudantium sunt est voluptatem.',0,1,'2011-11-14 01:36:24','2020-09-13 13:58:39'),(24,38,81,'Dolore autem quo laboriosam tempore. Quia laboriosam beatae asperiores molestias molestias minus. Rerum provident necessitatibus perferendis voluptatem fuga earum consequuntur. Fuga ut exercitationem culpa.',1,1,'2016-09-02 02:14:46','2020-09-13 13:58:39'),(25,92,14,'Nemo facere dicta blanditiis tempora sed. Sed tempora officia aperiam. Sequi autem ab incidunt minima et. Distinctio officiis debitis error.',1,1,'2016-01-27 22:30:13','2020-09-13 13:58:39'),(26,95,34,'Odit necessitatibus neque deserunt necessitatibus et sed. Rerum consequatur delectus sint quibusdam nihil qui. Omnis et sunt iusto beatae ducimus adipisci cum. Esse suscipit adipisci quaerat qui voluptatem molestiae accusantium.',1,1,'2019-04-02 02:40:41','2020-09-13 13:58:39'),(27,84,16,'Dolorem dolores beatae neque nihil. Sequi et nobis sed tempora qui ut. Dicta cum quae quasi et quaerat laudantium praesentium. Corrupti quibusdam repellendus neque voluptatem placeat voluptatem itaque.',0,0,'2018-08-11 05:31:06','2020-09-13 13:58:39'),(28,28,92,'Sunt aperiam provident qui at quis. Praesentium facilis officia ut beatae aspernatur delectus aut. Possimus aut accusamus dolorem repudiandae suscipit omnis tenetur. Iste qui ipsa voluptatibus quis consequatur velit molestiae repellendus.',0,1,'2016-05-15 07:28:58','2020-09-13 13:58:39'),(29,77,8,'Omnis itaque perspiciatis natus ut minus odio tenetur. Quidem possimus corrupti sed autem laudantium. Eum id amet aut a soluta veritatis doloremque.',1,1,'2016-06-02 06:04:10','2020-09-13 13:58:39'),(30,9,20,'Quasi vero dolorem sit et et fugiat velit. Officiis dolorum reprehenderit explicabo sunt error molestiae. Rerum ut distinctio et ut sunt.',1,0,'2011-12-23 01:25:56','2020-09-13 13:58:39'),(31,73,6,'A voluptas dignissimos sapiente incidunt. Itaque laudantium aperiam quo. Atque atque omnis deleniti iste aut.',0,0,'2013-05-13 03:27:17','2020-09-13 13:58:39'),(32,9,26,'Ducimus sapiente vel aut maxime possimus. Sint est non mollitia nobis dolores voluptatem. Iste voluptas in et labore.',0,0,'2014-10-25 23:21:23','2020-09-13 13:58:39'),(33,3,35,'Voluptatibus neque alias et repellendus molestiae pariatur eum. Officiis eius aut eum provident quia omnis qui. Sint cum adipisci maxime illo temporibus. Praesentium consequatur est eos est est consequatur delectus.',0,1,'2015-06-30 07:26:50','2020-09-13 13:58:39'),(34,65,18,'Aut nulla sint consequatur. Ut molestiae reprehenderit ut. Facere et ut cupiditate quo sit.',0,1,'2018-02-07 10:36:30','2020-09-13 13:58:39'),(35,98,35,'Impedit maiores nam quisquam tenetur. Nulla dolorum eius aut libero quia accusamus illo. Harum at placeat neque aut iusto temporibus sit. Ratione officia ea ut fugit. Quam ipsum iure labore sed neque itaque.',1,0,'2013-04-25 04:17:26','2020-09-13 13:58:39'),(36,81,1,'Quibusdam modi omnis consectetur eos. Culpa accusantium qui porro aut. Tempore quaerat architecto aliquam praesentium nemo.',1,1,'2015-10-01 02:25:37','2020-09-13 13:58:39'),(37,59,92,'Dolorum optio consequatur et quia sint explicabo consequuntur. Et mollitia nisi soluta qui debitis occaecati est impedit. Mollitia ea magnam exercitationem vitae consequatur.',1,1,'2012-12-17 05:38:38','2020-09-13 13:58:39'),(38,83,40,'Necessitatibus ut minus quisquam minus. Omnis itaque est aut dicta. Culpa repudiandae occaecati est ratione fugiat nostrum voluptatem aut. Corporis totam nihil non nobis.',1,1,'2020-05-17 09:36:52','2020-09-13 13:58:39'),(39,49,24,'Eius dolore quas ut culpa distinctio voluptas. Perferendis nihil dolorem et officiis. Saepe ea aut quis aliquid consequatur vel. Officiis minima et enim eligendi voluptatem non ipsam.',0,1,'2016-12-20 21:39:52','2020-09-13 13:58:39'),(40,72,88,'Necessitatibus aspernatur id dolorem iusto cupiditate. Voluptatem placeat doloremque eos laudantium non. Sapiente rerum labore non impedit quam voluptas reiciendis. Quo magni nesciunt voluptas fuga.',0,0,'2015-07-09 15:14:04','2020-09-13 13:58:39'),(41,23,50,'Fugit odio at illum perferendis. Dolor ipsam exercitationem ut placeat qui animi vero. Error voluptates qui laborum quidem sit. Nulla quisquam omnis est ad labore.',0,1,'2011-02-12 09:44:48','2020-09-13 13:58:39'),(42,80,48,'Ducimus illum eveniet qui assumenda. Suscipit sint eum et voluptates dolorum. Quos nisi id aspernatur dolor. Libero quis quia perferendis provident ut officia.',0,0,'2014-11-24 02:10:42','2020-09-13 13:58:39'),(43,2,65,'Vitae impedit quo illum ut voluptatibus praesentium aliquam. Et possimus voluptates non aut vel quo et optio. Sed quo dolore et saepe sit alias sunt. Molestiae qui assumenda impedit ut veniam mollitia in sapiente. Aut quae qui accusantium est dolorem quidem.',0,0,'2016-12-29 00:39:00','2020-09-13 13:58:39'),(44,18,95,'Quod velit nihil nulla doloribus officiis fuga ducimus nihil. Et labore quod vitae quibusdam et. Qui minus hic consequatur in et. Nobis aut corrupti placeat qui ex aliquid laboriosam.',1,1,'2015-02-27 03:13:35','2020-09-13 13:58:39'),(45,22,24,'Alias dolor quisquam dolorem necessitatibus quis. Temporibus qui laboriosam omnis officia. Dolorum omnis ut atque et. Voluptatum tempora laboriosam qui et vel.',0,0,'2018-11-24 12:19:51','2020-09-13 13:58:39'),(46,53,91,'Repellendus perspiciatis quia occaecati. Doloribus rerum omnis molestias molestias accusantium velit. Quasi cupiditate atque ratione dolorem.',1,1,'2015-08-17 06:39:25','2020-09-13 13:58:39'),(47,97,12,'Omnis nihil magnam fuga quas delectus. Quos excepturi vero quibusdam mollitia sunt quae numquam mollitia. Libero mollitia repudiandae alias aut. Incidunt non dicta facere voluptates.',0,0,'2016-10-29 16:52:42','2020-09-13 13:58:39'),(48,69,6,'Quasi et maxime odit quo blanditiis ipsa dicta. Soluta labore nihil qui doloremque. Quis quam et voluptas quas non non in. Autem officia enim tempora esse sed. Labore adipisci sint fugit praesentium suscipit tempore amet.',0,0,'2010-11-07 10:23:24','2020-09-13 13:58:39'),(49,23,98,'Eius et consectetur corrupti. Qui illo dolorem numquam consequatur pariatur pariatur deserunt. Quia sint et exercitationem nihil quaerat architecto. Eaque culpa sit eos.',0,1,'2014-09-09 15:30:17','2020-09-13 13:58:39'),(50,20,4,'Dolorem doloremque est animi dolorum ut. Cumque doloremque omnis nihil. Excepturi nesciunt maxime ut aut alias optio asperiores.',0,1,'2012-03-16 17:53:23','2020-09-13 13:58:39'),(51,62,94,'Possimus velit error autem eum rerum vero id incidunt. Similique ea dolorem autem molestias modi. Necessitatibus odio at temporibus eos voluptatem blanditiis consequuntur dolorem.',1,0,'2019-06-12 13:31:06','2020-09-13 13:58:39'),(52,87,49,'Cum adipisci consequatur laudantium autem quasi molestias consequatur deserunt. Et facilis eos cupiditate fugiat rerum. Et voluptas qui voluptate temporibus laboriosam eos.',1,1,'2015-07-03 01:44:55','2020-09-13 13:58:39'),(53,86,82,'Sint blanditiis rerum velit sapiente. Aspernatur laboriosam aut architecto veniam.',1,0,'2012-01-11 20:38:05','2020-09-13 13:58:39'),(54,50,4,'Labore dolorum unde dolores velit. Est ut molestias deleniti et nulla distinctio corrupti ut. Magnam sit aut optio ipsam voluptas minus voluptatem debitis.',1,0,'2012-10-08 15:57:53','2020-09-13 13:58:39'),(55,70,37,'Et dolor ab perspiciatis ad quidem. Soluta officia qui repudiandae aut. Tempore iusto dolores quis est est et aut et. Expedita amet odit soluta quo est. Corporis fugiat aliquam nostrum tempore dolore.',0,0,'2017-09-02 06:08:07','2020-09-13 13:58:39'),(56,76,70,'Ut sit molestias laudantium facere ut molestiae. Corrupti est autem dolores vel repudiandae. Reiciendis voluptatem deleniti sequi.',1,1,'2019-08-18 10:09:33','2020-09-13 13:58:39'),(57,19,84,'Totam delectus qui eos sit libero eum earum. Exercitationem perferendis sint harum voluptatem consequatur accusantium eos veniam. Natus illo quas fugiat officia pariatur quis.',1,1,'2013-02-04 16:55:46','2020-09-13 13:58:39'),(58,62,60,'Magnam voluptates molestias non sed laboriosam qui nam. Rerum facilis ut dicta at. Autem quia sit dolorem dolores illum rerum.',0,1,'2014-04-22 16:35:15','2020-09-13 13:58:39'),(59,11,75,'Ut quis suscipit veritatis animi qui hic qui. Sit commodi adipisci cupiditate sed.',1,1,'2012-12-13 20:15:42','2020-09-13 13:58:39'),(60,41,78,'Itaque aut et reiciendis. Maxime consectetur asperiores corrupti repellat sed. Vero accusamus autem sint aut id vel. Iure facere quod nulla facilis.',0,0,'2018-01-11 20:06:59','2020-09-13 13:58:39'),(61,68,4,'Consectetur quis sapiente ut consequatur. Reprehenderit alias illo impedit non eius eum et. In nulla et debitis ut pariatur laborum sint nesciunt. Nulla omnis in deserunt iusto.',0,1,'2011-05-26 21:29:04','2020-09-13 13:58:39'),(62,17,73,'Fuga nemo unde accusamus molestiae vitae et. Accusantium officiis vel fuga voluptatem. Sit perspiciatis quae veritatis quibusdam.',0,0,'2014-09-12 02:18:08','2020-09-13 13:58:39'),(63,11,37,'Fugit deleniti omnis quia qui unde. Similique ut et molestiae autem culpa. Voluptas distinctio adipisci velit est voluptatem et vitae. Voluptate similique iste cum molestias tenetur saepe.',1,1,'2013-07-19 17:56:42','2020-09-13 13:58:39'),(64,49,37,'Et est itaque consequatur ducimus voluptatem quod ut ea. Nesciunt temporibus minima autem. Nihil ea ea ipsam itaque quia. Occaecati iste placeat velit et voluptatem fuga quibusdam.',1,1,'2012-06-05 16:30:47','2020-09-13 13:58:39'),(65,37,72,'Alias et animi repudiandae eum. Autem nihil ad qui esse cupiditate cupiditate repellendus velit. Optio temporibus doloribus facilis aut ullam. Harum voluptatum at vitae deserunt.',0,0,'2013-10-18 08:52:07','2020-09-13 13:58:39'),(66,48,23,'Voluptate adipisci deleniti atque. Et quis ab suscipit architecto. Sit consectetur aliquam et eum.',0,1,'2016-09-01 20:16:25','2020-09-13 13:58:39'),(67,72,89,'Soluta neque qui et ea. Ut alias et est sed reprehenderit. Laudantium dicta consequatur quaerat ut. Similique quisquam architecto veniam ut voluptatibus tempore.',1,0,'2017-08-04 13:40:27','2020-09-13 13:58:39'),(68,30,84,'Ut qui sint et eum aperiam ut dicta doloribus. Qui dolorum enim perferendis dolorum esse id fugit. Modi unde voluptas quia voluptatibus distinctio quo ea tenetur. Sapiente natus cupiditate adipisci sapiente quam vero id voluptatem.',0,0,'2012-11-02 05:04:01','2020-09-13 13:58:39'),(69,26,80,'Eaque earum non officiis voluptas impedit porro aperiam. Consequuntur neque architecto et eligendi. Et alias ullam est qui. Ut et cupiditate cum alias eaque.',0,1,'2016-02-10 23:30:53','2020-09-13 13:58:39'),(70,19,56,'Reprehenderit ullam corrupti alias. Asperiores laborum est distinctio quia. Aut beatae non nihil veniam in eum nemo.',1,1,'2011-03-07 11:07:37','2020-09-13 13:58:39'),(71,22,41,'Aut occaecati ut nostrum ut officiis. Eaque sed nam sed hic molestiae maiores dolores non. Perferendis odio rem magni dolore non.',1,0,'2014-04-01 07:19:39','2020-09-13 13:58:39'),(72,40,75,'Fugit perferendis rerum aliquid qui ut. Sapiente in reprehenderit optio incidunt voluptatem. Modi corrupti aut sit error et autem maiores. Est culpa odio rem quia dignissimos ut repellat sed.',1,1,'2011-07-13 08:12:16','2020-09-13 13:58:39'),(73,53,41,'Voluptatem natus alias eaque nobis in. Nisi mollitia dolores ullam velit saepe aut commodi.',1,1,'2014-08-28 04:54:02','2020-09-13 13:58:39'),(74,48,13,'Veritatis veritatis odit unde voluptates laborum. Praesentium rerum illum quos facere. Minima nobis suscipit ut debitis id consequuntur voluptas nam. Accusamus beatae quis adipisci voluptas excepturi.',0,1,'2019-05-25 08:49:12','2020-09-13 13:58:39'),(75,20,64,'Voluptatem officiis optio ut quisquam sunt iusto et delectus. Minus incidunt praesentium et ullam minus magnam autem. Quo in perferendis consequuntur tenetur ducimus praesentium explicabo.',0,1,'2016-01-13 20:38:45','2020-09-13 13:58:39'),(76,56,91,'Dolor quaerat sint qui ut voluptatibus quis qui id. Quod quis nihil soluta autem. Suscipit ea adipisci consequatur fugiat ut ducimus aut. Possimus doloremque nihil blanditiis ipsa praesentium. At iusto recusandae dignissimos corporis sed.',0,0,'2019-07-24 07:11:08','2020-09-13 13:58:39'),(77,85,51,'Quis qui maxime qui. Explicabo voluptatem qui veritatis quo id. Ea quia sunt cum neque sunt. Eius dolores occaecati et ut.',0,1,'2020-06-01 11:53:42','2020-09-13 13:58:39'),(78,98,39,'Nemo doloribus laborum quae rerum a. Quod possimus error ut nam. Id neque impedit et at ratione provident.',0,1,'2018-07-06 01:58:31','2020-09-13 13:58:39'),(79,99,78,'Quae ut impedit eum accusamus numquam quibusdam. Doloremque adipisci ut tempora recusandae dolor. Nihil sint tempore eum magnam.',1,1,'2013-01-07 10:50:47','2020-09-13 13:58:39'),(80,92,25,'Et dolorem hic et harum iusto. Laborum delectus ea hic ipsa vel.',1,0,'2016-08-13 11:49:31','2020-09-13 13:58:39'),(81,50,72,'Assumenda quia voluptas asperiores blanditiis tempora eos necessitatibus. Aut dolore libero dolorem reprehenderit.',1,0,'2018-12-10 07:16:50','2020-09-13 13:58:39'),(82,11,36,'Deserunt sed suscipit minus sunt consequatur. Aut delectus consequatur voluptatum minus eius omnis voluptatem. Placeat sunt sed quas reprehenderit debitis voluptas error.',1,0,'2014-11-24 04:32:03','2020-09-13 13:58:39'),(83,49,38,'Recusandae aut voluptas autem nulla qui occaecati culpa. Enim commodi magnam qui eos est molestiae possimus.',1,0,'2019-10-31 21:09:41','2020-09-13 13:58:39'),(84,39,82,'Hic vero cumque sapiente quae quibusdam qui. Quaerat assumenda quo sed debitis quia eveniet.',1,0,'2019-04-21 08:26:36','2020-09-13 13:58:39'),(85,93,19,'Possimus possimus aut voluptatum vero et. Eveniet nemo alias ut autem possimus porro soluta.',1,0,'2018-01-24 17:31:09','2020-09-13 13:58:39'),(86,14,13,'Est molestiae totam odit ipsam porro. Nihil aut delectus quo sit dolor. Possimus dolores laudantium dolorum molestiae. Labore voluptates at quis repellendus voluptatem qui.',1,0,'2017-04-25 03:49:31','2020-09-13 13:58:39'),(87,24,78,'Dolores tempora in reprehenderit nobis ea suscipit. Sint earum ut id dolor. Aut neque cupiditate similique repellat quisquam dolore esse. Nesciunt dicta reprehenderit perspiciatis odio sit omnis commodi.',0,1,'2020-04-14 05:10:36','2020-09-13 13:58:39'),(88,20,63,'Aperiam magni et consequatur provident nemo. Repellat dolorem modi officia officia.',0,1,'2016-08-04 11:19:20','2020-09-13 13:58:39'),(89,57,93,'Nisi amet accusantium sed. Natus voluptates voluptatem iste ut ut qui. Numquam debitis et voluptas qui nostrum.',1,1,'2015-12-16 22:03:03','2020-09-13 13:58:39'),(90,94,90,'Id consequuntur dolorem deleniti ratione. Dolor non qui minus sit libero. Repudiandae deleniti iusto qui illum molestiae. Repudiandae excepturi nesciunt voluptate est eius est. Aut temporibus consequuntur reprehenderit odit est.',1,1,'2020-08-14 04:12:47','2020-09-13 13:58:39'),(91,70,79,'Optio maiores blanditiis tempora laudantium hic. Earum iure dignissimos in quod. Ex sit veritatis et saepe rem. Provident a sed itaque qui repellendus tenetur et.',0,1,'2019-11-21 22:46:11','2020-09-13 13:58:39'),(92,82,73,'Ad dolores dolore quia officia illo. Quos labore doloremque recusandae enim porro enim amet. Vero natus totam occaecati atque sed dolorem. Ullam reprehenderit dolores autem aliquam sit quia sit.',1,1,'2013-09-24 22:29:08','2020-09-13 13:58:39'),(93,21,83,'Eveniet fuga nobis sint in. Aliquam dolorem molestias voluptate sed mollitia ut. Velit numquam quos ex eveniet maxime.',0,0,'2017-04-02 14:13:13','2020-09-13 13:58:39'),(94,52,11,'Amet quibusdam rerum reprehenderit fugiat. Repudiandae repellat sit nulla non harum qui excepturi. Quasi minima ab quasi maxime quas veritatis aliquid. Ipsa commodi in et ex.',0,0,'2015-12-24 18:47:15','2020-09-13 13:58:39'),(95,99,63,'Vel autem repudiandae sit a. Qui ut perferendis quae odit esse porro corporis officiis. Nesciunt aut architecto et repellat aut. Expedita aut sed magni deserunt ut. Qui rerum dolorem ratione itaque quia.',1,0,'2017-08-23 23:43:42','2020-09-13 13:58:39'),(96,16,92,'Aperiam incidunt blanditiis laborum et et sint sunt. Aut ipsum voluptatem excepturi rerum saepe. Incidunt dolore quas eius et.',1,1,'2016-04-14 10:24:27','2020-09-13 13:58:39'),(97,11,77,'Eaque distinctio facilis at. Delectus consequatur at at magnam. Sunt est accusamus totam consequatur. Autem aut porro optio ipsa cumque.',0,0,'2013-05-24 08:06:32','2020-09-13 13:58:39'),(98,52,28,'Natus rerum aliquid ipsa et fugit. Architecto necessitatibus ipsa temporibus aspernatur nemo. Ut harum amet et voluptas consequatur id. Ut omnis doloribus repellendus reprehenderit.',0,0,'2014-05-22 18:41:15','2020-09-13 13:58:39'),(99,85,38,'Est occaecati voluptatibus ipsum. Tempora repellat est necessitatibus occaecati rerum eveniet ut. Qui amet incidunt eius velit praesentium eos ut. Qui est nobis blanditiis eum aut dolorem id iusto.',0,1,'2019-11-21 11:05:37','2020-09-13 13:58:39'),(100,36,65,'Est corrupti repellat ut id officiis laborum voluptatem. Qui eum distinctio veniam illum qui alias. Dolorem est quia sunt ut id voluptatem. Excepturi culpa omnis et voluptatibus.',0,0,'2014-01-24 12:27:16','2020-09-13 13:58:39');
/*!40000 ALTER TABLE `messages` ENABLE KEYS */;
UNLOCK TABLES;

--
-- Table structure for table `profiles`
--

DROP TABLE IF EXISTS `profiles`;
/*!40101 SET @saved_cs_client     = @@character_set_client */;
/*!50503 SET character_set_client = utf8mb4 */;
CREATE TABLE `profiles` (
  `user_id` int unsigned NOT NULL COMMENT 'Ссылка на пользователя',
  `gender` char(1) CHARACTER SET utf8 COLLATE utf8_unicode_ci NOT NULL COMMENT 'Пол',
  `birthday` date DEFAULT NULL COMMENT 'Дата рождения',
  `photo_id` int unsigned DEFAULT NULL COMMENT 'Ссылка на основную фотографию пользователя',
  `user_status_id` int unsigned DEFAULT NULL,
  `city` varchar(130) CHARACTER SET utf8 COLLATE utf8_unicode_ci DEFAULT NULL COMMENT 'Город проживания',
  `country` varchar(130) CHARACTER SET utf8 COLLATE utf8_unicode_ci DEFAULT NULL COMMENT 'Страна проживания',
  `created_at` datetime DEFAULT CURRENT_TIMESTAMP COMMENT 'Время создания строки',
  `updated_at` datetime DEFAULT CURRENT_TIMESTAMP ON UPDATE CURRENT_TIMESTAMP COMMENT 'Время обновления строки',
  PRIMARY KEY (`user_id`)
) ENGINE=InnoDB DEFAULT CHARSET=utf8 COLLATE=utf8_unicode_ci COMMENT='Профили';
/*!40101 SET character_set_client = @saved_cs_client */;

--
-- Dumping data for table `profiles`
--

LOCK TABLES `profiles` WRITE;
/*!40000 ALTER TABLE `profiles` DISABLE KEYS */;
INSERT INTO `profiles` VALUES (1,'f','1984-06-12',71,1,'Lake Johnnyberg','Comoros','2014-04-18 13:24:46','2020-09-13 13:43:39'),(2,'f','2003-05-06',80,1,'Port Osborneburgh','Monaco','2015-04-01 12:21:48','2020-09-13 13:43:39'),(3,'m','2020-03-01',87,2,'Emelieshire','Kuwait','2013-07-07 08:46:45','2020-09-13 13:43:39'),(4,'f','1995-12-08',94,1,'Lake Rowenastad','Costa Rica','2019-09-25 17:03:21','2020-09-13 13:43:39'),(5,'m','1978-12-18',8,2,'Goodwinbury','Guyana','2016-01-26 15:30:59','2020-09-13 13:43:39'),(6,'m','2002-02-21',60,1,'Blickburgh','Andorra','2012-09-26 07:59:28','2020-09-13 13:43:39'),(7,'f','2001-11-14',73,1,'South Jimmyfurt','Switzerland','2020-06-15 16:21:31','2020-09-13 13:43:39'),(8,'f','2008-04-22',87,2,'West Nathanport','Martinique','2020-06-07 05:16:59','2020-09-13 13:43:39'),(9,'m','1989-04-06',16,1,'Gretaland','Burundi','2020-03-14 00:17:14','2020-09-13 13:43:39'),(10,'m','1977-10-28',17,2,'New Teagan','Guyana','2018-06-14 05:12:24','2020-09-13 13:43:39'),(11,'f','1986-10-15',38,1,'Mantefort','Timor-Leste','2012-04-21 23:32:10','2020-09-13 13:43:39'),(12,'f','1971-08-30',38,1,'Bednarton','China','2010-12-01 13:40:00','2020-09-13 13:43:39'),(13,'m','1983-02-22',74,2,'New Ramonville','Mongolia','2018-12-31 16:32:55','2020-09-13 13:43:39'),(14,'f','1998-09-29',58,1,'Dawnport','Egypt','2019-08-15 08:09:30','2020-09-13 13:43:39'),(15,'f','1994-08-07',68,1,'West Jadaborough','Guatemala','2017-10-02 22:39:26','2020-09-13 13:43:39'),(16,'f','2007-01-16',62,2,'Treutelton','Canada','2014-01-17 02:48:10','2020-09-13 13:43:39'),(17,'f','1986-10-29',9,2,'Lynchfurt','Algeria','2013-07-20 15:24:53','2020-09-13 13:43:39'),(18,'m','1976-10-14',58,1,'Farrellfurt','Costa Rica','2019-11-23 02:54:49','2020-09-13 13:43:39'),(19,'m','1978-03-17',63,1,'Volkmanfurt','Nepal','2018-09-11 22:52:09','2020-09-13 13:43:39'),(20,'m','1997-04-25',41,2,'Kutchfort','Dominican Republic','2013-08-05 05:08:34','2020-09-13 13:43:39'),(21,'m','2009-06-10',13,2,'Hirthestad','Armenia','2016-10-28 23:22:46','2020-09-13 13:43:39'),(22,'m','2004-03-10',41,1,'Wiegandmouth','Ukraine','2020-04-28 05:17:51','2020-09-13 13:43:39'),(23,'m','2016-10-28',68,2,'Erickatown','Suriname','2016-11-18 05:42:21','2020-09-13 13:43:39'),(24,'m','2017-03-06',16,1,'Jessyside','Denmark','2017-05-24 16:39:17','2020-09-13 13:43:39'),(25,'f','2013-03-23',73,1,'North Wilfred','Sao Tome and Principe','2020-06-10 19:12:50','2020-09-13 13:43:39'),(26,'m','2010-02-22',19,1,'New Gunner','Myanmar','2020-05-28 03:34:46','2020-09-13 13:43:39'),(27,'m','1981-06-18',75,2,'New Jaidaborough','Korea','2010-11-07 13:03:11','2020-09-13 13:43:39'),(28,'f','1974-03-08',19,1,'North Jaren','Paraguay','2012-03-22 11:13:10','2020-09-13 13:43:39'),(29,'f','2001-08-27',68,2,'Lake Enola','Christmas Island','2012-01-23 19:57:50','2020-09-13 13:43:39'),(30,'m','2017-07-28',84,1,'South Clarissastad','Montenegro','2015-07-16 16:30:58','2020-09-13 13:43:39'),(31,'f','2016-05-24',15,2,'West Johannaport','Qatar','2014-10-16 22:59:10','2020-09-13 13:43:39'),(32,'m','1999-11-15',21,1,'Klingside','Azerbaijan','2011-06-25 02:41:41','2020-09-13 13:43:39'),(33,'f','1975-03-29',62,1,'Trantowmouth','Guadeloupe','2014-06-29 11:22:06','2020-09-13 13:43:39'),(34,'m','1989-04-27',47,2,'Parisianland','Mayotte','2018-01-06 13:56:02','2020-09-13 13:43:39'),(35,'f','1974-11-08',47,1,'Wildermanfort','Argentina','2014-10-09 13:17:20','2020-09-13 13:43:39'),(36,'m','1977-02-15',94,2,'Jacobsonside','Montserrat','2011-07-22 00:35:45','2020-09-13 13:43:39'),(37,'f','2006-09-27',27,2,'New Brycetown','Tunisia','2013-02-04 06:44:48','2020-09-13 13:43:39'),(38,'f','1984-10-29',55,1,'Port Elviehaven','Papua New Guinea','2018-07-01 18:45:45','2020-09-13 13:43:39'),(39,'m','2012-11-11',93,1,'East Elijahfurt','Andorra','2013-11-28 03:59:31','2020-09-13 13:43:39'),(40,'m','1974-01-18',99,2,'Lake Dane','Pitcairn Islands','2016-03-31 03:40:52','2020-09-13 13:43:39'),(41,'f','1992-03-17',16,2,'North Nehastad','Somalia','2010-10-12 05:29:35','2020-09-13 13:43:39'),(42,'f','1976-09-02',81,2,'Hassieshire','Martinique','2019-05-17 12:22:06','2020-09-13 13:43:39'),(43,'m','1984-09-26',58,2,'Lake Minnie','Czech Republic','2019-08-03 08:04:29','2020-09-13 13:43:39'),(44,'f','1982-05-09',47,1,'West Jamirstad','Jersey','2018-09-16 01:39:32','2020-09-13 13:43:39'),(45,'m','1993-08-16',61,1,'Mayertton','Palau','2013-03-07 08:48:21','2020-09-13 13:43:39'),(46,'m','2009-08-05',62,1,'New Serenity','Costa Rica','2019-09-01 15:00:38','2020-09-13 13:43:39'),(47,'m','1996-02-24',29,1,'Tremblayview','Martinique','2011-02-07 18:05:30','2020-09-13 13:43:39'),(48,'f','1981-01-07',57,1,'Port Monserratetown','Vanuatu','2013-01-18 18:20:30','2020-09-13 13:43:39'),(49,'m','2015-05-21',97,1,'Wittingville','Argentina','2013-06-14 07:39:15','2020-09-13 13:43:39'),(50,'f','2003-06-03',12,1,'Jerelchester','Western Sahara','2018-10-14 08:45:41','2020-09-13 13:43:39'),(51,'m','1984-09-12',71,2,'New Penelope','Brazil','2013-09-28 08:09:07','2020-09-13 13:43:39'),(52,'f','2015-02-22',16,2,'Damonfurt','Germany','2012-03-11 02:37:19','2020-09-13 13:43:39'),(53,'f','1978-06-14',68,2,'Welchburgh','Latvia','2010-12-22 20:28:16','2020-09-13 13:43:39'),(54,'m','1993-03-10',92,2,'Gleasonburgh','Benin','2015-05-26 16:24:30','2020-09-13 13:43:39'),(55,'f','2004-07-22',57,1,'Kaleighshire','French Polynesia','2017-02-01 12:07:12','2020-09-13 13:43:39'),(56,'f','1988-08-11',7,2,'Gagemouth','Sri Lanka','2015-05-09 19:50:13','2020-09-13 13:43:39'),(57,'f','2014-01-20',64,1,'Schuppeburgh','Nepal','2016-02-12 08:52:30','2020-09-13 13:43:39'),(58,'m','2011-09-07',99,1,'West Nannie','Honduras','2017-01-27 12:05:32','2020-09-13 13:43:39'),(59,'f','1970-09-29',1,2,'Lake Adela','Turkmenistan','2014-01-06 18:02:25','2020-09-13 13:43:39'),(60,'f','1973-04-22',9,1,'Geraldton','Barbados','2018-05-27 04:37:45','2020-09-13 13:43:39'),(61,'f','1994-08-24',41,2,'East Hilton','Chile','2010-11-29 05:21:29','2020-09-13 13:43:39'),(62,'m','2009-07-30',76,2,'Port Tabitha','Luxembourg','2019-03-28 01:25:46','2020-09-13 13:43:39'),(63,'m','2005-05-11',59,1,'Port Annettechester','San Marino','2019-11-16 00:36:58','2020-09-13 13:43:39'),(64,'m','1977-11-12',67,2,'South Dariushaven','Reunion','2017-07-17 17:15:11','2020-09-13 13:43:39'),(65,'f','1975-06-16',55,1,'West Magdalen','Denmark','2014-04-01 19:24:40','2020-09-13 13:43:39'),(66,'m','2012-06-28',73,1,'Padbergton','Central African Republic','2017-12-06 21:27:00','2020-09-13 13:43:39'),(67,'m','1991-08-02',1,2,'South Julianne','Turks and Caicos Islands','2012-01-14 04:09:56','2020-09-13 13:43:39'),(68,'m','1994-05-02',87,1,'Maceyview','Northern Mariana Islands','2018-12-15 10:39:49','2020-09-13 13:43:39'),(69,'m','1994-09-05',30,2,'Williamsonfurt','Niue','2012-04-17 12:21:56','2020-09-13 13:43:39'),(70,'f','1994-02-04',88,2,'Cassinstad','Lesotho','2011-10-11 19:39:25','2020-09-13 13:43:39'),(71,'f','1971-11-15',49,2,'South Rahul','New Zealand','2020-07-12 14:19:04','2020-09-13 13:43:39'),(72,'m','2020-01-13',80,1,'Port Myriambury','Peru','2015-11-05 22:25:24','2020-09-13 13:43:39'),(73,'m','2016-12-06',55,2,'Evanfort','Guernsey','2011-12-15 23:48:42','2020-09-13 13:43:39'),(74,'m','2004-02-20',34,2,'Amayatown','Andorra','2018-07-17 17:06:24','2020-09-13 13:43:39'),(75,'f','1994-08-24',4,2,'West Helmer','Ecuador','2013-12-26 06:09:53','2020-09-13 13:43:39'),(76,'m','2012-08-06',17,1,'Simonisfort','Poland','2014-09-22 16:10:34','2020-09-13 13:43:39'),(77,'m','1979-04-20',71,2,'Lake Aiden','Vietnam','2016-06-22 17:12:15','2020-09-13 13:43:39'),(78,'f','2002-11-16',4,2,'Rolfsonport','Papua New Guinea','2020-08-29 04:08:58','2020-09-13 13:43:39'),(79,'m','2002-01-10',6,1,'North Tellyside','Brunei Darussalam','2015-08-08 19:59:01','2020-09-13 13:43:39'),(80,'m','2014-10-21',19,2,'Lake Enriqueborough','Austria','2016-12-15 09:15:45','2020-09-13 13:43:39'),(81,'f','2015-09-19',78,2,'Seamusstad','United Kingdom','2016-12-06 13:05:17','2020-09-13 13:43:39'),(82,'m','2002-08-14',30,2,'Marianaborough','Finland','2019-10-31 23:23:50','2020-09-13 13:43:39'),(83,'m','2016-03-10',16,1,'Ferryhaven','Moldova','2017-04-01 03:46:06','2020-09-13 13:43:39'),(84,'m','1979-03-29',92,2,'North Manley','Montserrat','2016-08-18 08:11:15','2020-09-13 13:43:39'),(85,'f','2015-10-18',9,2,'Haleyland','Singapore','2013-08-11 19:44:16','2020-09-13 13:43:39'),(86,'m','1987-01-20',69,2,'Greenfeldermouth','Liechtenstein','2013-05-08 01:12:53','2020-09-13 13:43:39'),(87,'f','1998-07-06',16,2,'Lake Ignatius','American Samoa','2016-09-14 00:16:50','2020-09-13 13:43:39'),(88,'f','1985-12-28',74,1,'Padbergville','Swaziland','2017-01-20 16:17:22','2020-09-13 13:43:39'),(89,'f','1986-07-28',20,1,'North Kristy','Liechtenstein','2016-01-31 22:21:13','2020-09-13 13:43:39'),(90,'m','2011-05-26',78,2,'Wilkinsonview','Bangladesh','2016-08-27 16:20:05','2020-09-13 13:43:39'),(91,'m','1971-12-13',31,2,'Dessieville','Cyprus','2019-12-10 16:59:27','2020-09-13 13:43:39'),(92,'f','1996-03-15',19,2,'Kaydenshire','France','2014-12-27 18:16:46','2020-09-13 13:43:39'),(93,'f','1973-12-06',3,2,'Rylanland','Afghanistan','2014-06-12 11:38:26','2020-09-13 13:43:39'),(94,'m','2013-06-06',58,2,'Gustavemouth','American Samoa','2020-02-29 11:36:04','2020-09-13 13:43:39'),(95,'f','2018-01-14',80,1,'Autumnside','Philippines','2011-05-11 22:40:55','2020-09-13 13:43:39'),(96,'f','1976-03-22',23,2,'Roycemouth','Montenegro','2017-10-02 10:23:31','2020-09-13 13:43:39'),(97,'m','2009-10-30',78,2,'South Maximilian','Colombia','2019-04-03 13:58:29','2020-09-13 13:43:39'),(98,'f','2006-03-15',17,2,'Agnesburgh','Central African Republic','2012-12-28 11:19:56','2020-09-13 13:43:39'),(99,'f','1992-06-17',53,1,'Kesslertown','Iraq','2018-02-15 09:24:32','2020-09-13 13:43:39'),(100,'f','1994-03-30',15,2,'Opheliafort','Botswana','2020-07-22 15:39:41','2020-09-13 13:43:39');
/*!40000 ALTER TABLE `profiles` ENABLE KEYS */;
UNLOCK TABLES;

--
-- Table structure for table `user_statuses`
--

DROP TABLE IF EXISTS `user_statuses`;
/*!40101 SET @saved_cs_client     = @@character_set_client */;
/*!50503 SET character_set_client = utf8mb4 */;
CREATE TABLE `user_statuses` (
  `id` int unsigned NOT NULL AUTO_INCREMENT COMMENT 'Идентификатор строки',
  `name` varchar(100) NOT NULL COMMENT 'Название статуса (уникально)',
  `created_at` datetime NOT NULL DEFAULT CURRENT_TIMESTAMP COMMENT 'Время создания строки',
  `updated_at` datetime DEFAULT CURRENT_TIMESTAMP ON UPDATE CURRENT_TIMESTAMP COMMENT 'Время обновления строки',
  PRIMARY KEY (`id`)
) ENGINE=InnoDB AUTO_INCREMENT=3 DEFAULT CHARSET=utf8mb4 COLLATE=utf8mb4_0900_ai_ci COMMENT='Справочник статусов';
/*!40101 SET character_set_client = @saved_cs_client */;

--
-- Dumping data for table `user_statuses`
--

LOCK TABLES `user_statuses` WRITE;
/*!40000 ALTER TABLE `user_statuses` DISABLE KEYS */;
INSERT INTO `user_statuses` VALUES (1,'single','2020-09-13 13:37:56','2020-09-13 13:37:56'),(2,'married','2020-09-13 13:37:56','2020-09-13 13:37:56');
/*!40000 ALTER TABLE `user_statuses` ENABLE KEYS */;
UNLOCK TABLES;

--
-- Table structure for table `users`
--

DROP TABLE IF EXISTS `users`;
/*!40101 SET @saved_cs_client     = @@character_set_client */;
/*!50503 SET character_set_client = utf8mb4 */;
CREATE TABLE `users` (
  `id` int unsigned NOT NULL AUTO_INCREMENT COMMENT 'Идентификатор строки',
  `first_name` varchar(100) CHARACTER SET utf8 COLLATE utf8_unicode_ci NOT NULL COMMENT 'Имя пользователя',
  `last_name` varchar(100) CHARACTER SET utf8 COLLATE utf8_unicode_ci NOT NULL COMMENT 'Фамилия пользователя',
  `email` varchar(100) CHARACTER SET utf8 COLLATE utf8_unicode_ci NOT NULL COMMENT 'Почта',
  `phone` varchar(100) CHARACTER SET utf8 COLLATE utf8_unicode_ci NOT NULL COMMENT 'Телефон',
  `created_at` datetime DEFAULT CURRENT_TIMESTAMP COMMENT 'Время создания строки',
  `updated_at` datetime DEFAULT CURRENT_TIMESTAMP ON UPDATE CURRENT_TIMESTAMP COMMENT 'Время обновления строки',
  PRIMARY KEY (`id`),
  UNIQUE KEY `email` (`email`),
  UNIQUE KEY `phone` (`phone`)
) ENGINE=InnoDB AUTO_INCREMENT=101 DEFAULT CHARSET=utf8 COLLATE=utf8_unicode_ci COMMENT='Пользователи';
/*!40101 SET character_set_client = @saved_cs_client */;

--
-- Dumping data for table `users`
--

LOCK TABLES `users` WRITE;
/*!40000 ALTER TABLE `users` DISABLE KEYS */;
INSERT INTO `users` VALUES (1,'Scot','Kulas','isidro.mosciski@example.net','405-786-6738','2015-03-23 19:07:20','2020-09-12 22:12:10'),(2,'Green','Bogan','alisa60@example.net','446-162-1537','2014-12-24 15:27:46','2016-08-10 20:15:24'),(3,'Derek','Hirthe','lowe.saul@example.net','1-405-419-4002x839','2015-04-13 16:06:39','2019-08-24 16:09:21'),(4,'Mustafa','Swift','deckow.adonis@example.org','1-418-855-8638x091','2016-03-06 20:33:29','2020-09-12 22:12:10'),(5,'Dexter','Johnston','elta87@example.com','(536)378-4871','2018-09-19 11:46:52','2019-10-02 02:20:25'),(6,'Twila','Herman','dolores84@example.net','+83(1)0453033449','2020-02-16 00:14:31','2020-09-12 22:12:10'),(7,'Luther','Schaden','rryan@example.net','796-045-4847','2012-10-08 09:52:19','2018-06-25 01:08:02'),(8,'Brice','Pacocha','brekke.burley@example.net','+08(6)6710712382','2014-10-17 09:22:12','2015-10-14 17:45:17'),(9,'Alayna','Greenholt','champlin.laisha@example.com','1-397-400-0156','2020-06-20 22:52:22','2020-09-12 22:12:10'),(10,'Emelia','Koss','brennon.bartell@example.com','1-014-786-6314','2017-05-05 03:47:33','2020-09-12 22:12:10'),(11,'Madison','Gleason','nicolas15@example.org','644-084-5462','2018-02-05 18:06:54','2020-09-12 22:12:10'),(12,'Everett','Kreiger','rskiles@example.net','476.218.5648x669','2015-10-24 16:54:22','2020-09-12 22:12:10'),(13,'Pietro','Bailey','reid46@example.net','926.260.1798x458','2013-05-29 15:24:28','2015-11-06 15:08:53'),(14,'Samanta','Satterfield','berta.crona@example.org','811.989.6970x078','2017-02-18 21:55:37','2020-09-12 22:12:10'),(15,'Maia','Stamm','larson.ashtyn@example.net','100-838-5350','2013-02-10 13:12:08','2020-09-12 22:12:10'),(16,'Erwin','Wolf','madeline91@example.net','560.383.5007x609','2017-07-22 23:48:07','2020-09-12 22:12:10'),(17,'Francisco','Bogan','myles.volkman@example.com','260.512.4586','2017-06-10 22:45:05','2020-09-12 22:12:10'),(18,'Carey','Yost','zachariah76@example.net','(938)925-9439x2194','2017-01-18 10:03:01','2019-01-23 16:57:06'),(19,'Alia','Mohr','tremaine.dare@example.net','888-817-0240x357','2013-06-16 19:32:54','2020-09-12 22:12:10'),(20,'Karen','Maggio','elinore.bins@example.com','017-713-8589x358','2020-07-18 17:48:27','2020-09-12 22:12:10'),(21,'Nella','Jast','casey09@example.com','+21(1)4889219058','2013-12-09 12:36:58','2013-12-28 19:56:30'),(22,'Maegan','Daniel','joey66@example.com','032-482-0087x38360','2020-03-27 10:14:28','2020-05-10 00:30:37'),(23,'Terrill','Barrows','mertz.emmy@example.org','294.247.9909x133','2014-12-24 21:38:45','2020-09-12 22:12:10'),(24,'Amaya','Kuhn','chelsey86@example.net','613-978-0400x0988','2013-12-29 03:45:32','2015-01-09 09:02:53'),(25,'Reid','Wintheiser','maryjane.klocko@example.org','+96(7)4134620084','2020-02-04 17:21:38','2020-09-12 22:12:10'),(26,'Ezra','Cassin','jordane45@example.com','822.314.0632x34549','2014-02-28 08:49:47','2019-12-18 02:33:27'),(27,'Oral','Jast','phyllis41@example.org','(397)282-6903x316','2018-04-23 19:02:02','2020-09-12 22:12:10'),(28,'Madeline','Steuber','jenkins.retha@example.org','1-505-587-4893x370','2015-10-29 20:02:35','2019-04-07 18:46:04'),(29,'Jacynthe','McGlynn','brenna91@example.org','472-486-8472x3635','2018-01-09 23:49:12','2020-09-12 22:12:10'),(30,'Hallie','Berge','stephany.schumm@example.org','(028)026-3403x9715','2016-05-06 02:15:00','2017-09-18 04:24:43'),(31,'Wilson','Mills','jules32@example.com','1-934-316-3137x934','2015-10-09 05:26:11','2020-09-12 22:12:10'),(32,'Angelica','Swaniawski','kody39@example.net','817.215.3125x154','2013-11-28 16:45:22','2019-03-12 10:56:25'),(33,'Rusty','Schoen','sanford.wiley@example.org','1-302-697-8474','2012-11-09 13:30:54','2013-08-09 06:36:46'),(34,'Augusta','Huel','catherine15@example.com','+36(3)9257147590','2013-05-03 00:17:11','2020-08-19 23:55:01'),(35,'Micaela','Miller','evert59@example.com','+94(7)4407233015','2019-01-13 22:32:30','2020-09-12 22:12:10'),(36,'Norris','Lockman','pgleichner@example.org','(549)967-2837x768','2015-08-26 00:37:26','2017-04-09 05:50:00'),(37,'Quinn','Pacocha','ablick@example.org','09579150420','2015-05-30 04:35:56','2020-09-12 22:12:10'),(38,'Andres','McCullough','qkuhn@example.org','04829194550','2011-01-05 20:52:39','2013-04-05 21:46:04'),(39,'Arvel','Stroman','tyreek77@example.org','08041930877','2012-11-13 05:48:07','2017-10-17 21:07:00'),(40,'Elsa','Haag','gus.herzog@example.org','04145527839','2016-07-16 01:34:07','2020-09-12 22:12:10'),(41,'Amos','Bechtelar','ipaucek@example.net','1-706-594-1877x431','2011-08-29 23:15:42','2020-09-12 22:12:10'),(42,'Domenica','Batz','dooley.sabrina@example.net','(994)949-6103','2019-06-14 22:11:20','2020-09-12 22:12:10'),(43,'Margarita','Rice','wkassulke@example.net','048.972.4642','2018-06-24 19:39:35','2020-09-12 22:12:10'),(44,'Javon','Koch','augustus.russel@example.com','804-387-7600','2018-07-22 07:56:29','2018-11-15 10:02:54'),(45,'Felton','Pfannerstill','therese.wiza@example.org','(394)741-7559x94113','2019-11-13 19:44:41','2020-09-12 22:12:10'),(46,'Marques','Simonis','kbrown@example.net','556.267.2505','2014-09-28 17:46:41','2020-09-12 22:12:10'),(47,'Ulises','O\'Keefe','reynold.swift@example.com','(993)350-9888x4720','2016-10-23 11:20:17','2020-09-12 22:12:10'),(48,'Enid','Deckow','dach.holly@example.net','468-033-1706x86137','2018-06-12 17:10:26','2020-09-12 22:12:10'),(49,'Jazmin','Bartell','aadams@example.org','1-766-284-5008x077','2014-08-22 22:21:10','2018-03-22 01:29:57'),(50,'Eloisa','Zieme','conroy.alexandria@example.net','(836)169-3651x177','2012-05-17 20:43:06','2017-07-21 19:55:56'),(51,'Darian','Stroman','mason.wolff@example.net','1-300-144-9137x5482','2018-06-27 04:19:11','2020-09-12 22:12:10'),(52,'Dejuan','Graham','ebailey@example.net','1-441-415-6378','2012-07-07 03:34:46','2015-01-27 08:16:56'),(53,'Deondre','Simonis','garret18@example.com','523-217-2504','2019-01-07 03:44:39','2020-09-12 22:12:10'),(54,'Morgan','Lind','annetta.romaguera@example.net','(169)309-1631','2016-03-22 12:27:22','2020-09-12 22:12:10'),(55,'Elbert','Morissette','iwaelchi@example.com','261-669-2179','2018-06-06 18:37:17','2020-09-12 22:12:10'),(56,'Coty','Kovacek','marcelle94@example.net','(502)678-4686','2018-03-12 19:48:09','2020-09-12 22:12:10'),(57,'Dax','Kub','lexie.olson@example.net','741.197.9325','2012-03-03 05:20:22','2018-07-24 19:20:11'),(58,'Cleta','Block','guy.hansen@example.com','321-974-7348x509','2013-08-14 23:31:37','2016-08-31 13:08:40'),(59,'Nyah','Jones','tamara.bergstrom@example.org','992.889.3969x5959','2020-06-30 18:28:13','2020-09-12 22:12:10'),(60,'Amaya','Hyatt','amie.stiedemann@example.org','346.604.6728','2013-10-14 20:20:42','2017-10-09 12:59:48'),(61,'Carolanne','Spencer','eugenia38@example.net','694.539.7397x31344','2016-07-19 17:02:00','2020-09-12 22:12:10'),(62,'Philip','Murphy','uheidenreich@example.com','063-366-9508x612','2014-12-14 01:53:39','2020-09-12 22:12:10'),(63,'Layla','Christiansen','uhoeger@example.org','053-952-5341','2015-09-21 20:12:49','2020-09-12 22:12:10'),(64,'Amber','Miller','darius.kunze@example.com','509.721.3799x601','2011-09-08 13:55:00','2017-03-03 03:28:32'),(65,'Verna','Sanford','sipes.javonte@example.com','687-617-9298x6105','2011-12-05 22:49:36','2012-09-10 11:01:57'),(66,'Theresa','Kertzmann','aracely.doyle@example.com','226-090-0143x24780','2016-06-16 00:32:56','2017-09-13 21:51:05'),(67,'Regan','Gutmann','lula14@example.org','03839023785','2017-08-10 15:34:51','2019-10-20 23:15:36'),(68,'Renee','Kassulke','bschaden@example.org','05485065672','2013-08-29 06:25:58','2019-11-30 15:04:02'),(69,'Lenna','Bergnaum','langworth.earline@example.com','596-360-4047x5326','2015-07-01 04:25:56','2017-10-31 19:56:54'),(70,'Hector','Schinner','vonrueden.amparo@example.org','679-830-0595','2017-01-16 11:13:26','2020-09-12 22:12:10'),(71,'Audrey','Crooks','rcrist@example.org','084-962-9036','2020-05-05 12:29:21','2020-09-12 22:12:10'),(72,'Thelma','Strosin','jgoyette@example.com','1-669-255-4246x48217','2015-03-05 11:00:35','2020-09-12 22:12:10'),(73,'Kayleigh','Bernhard','sarah91@example.org','05068444957','2012-10-10 21:05:19','2019-03-25 02:48:53'),(74,'D\'angelo','King','mitchell.abdul@example.org','197-099-0240x5998','2019-10-19 19:11:00','2020-09-12 22:12:10'),(75,'Jimmie','Schinner','kihn.hoyt@example.net','1-123-928-8763x942','2017-12-18 12:47:48','2019-04-11 19:33:00'),(76,'Ellen','Friesen','mhand@example.net','088-971-9662','2011-10-20 23:23:33','2013-11-18 16:52:31'),(77,'Israel','Becker','louvenia77@example.net','00258777927','2015-01-07 02:47:38','2020-06-27 17:18:14'),(78,'Cory','Prosacco','wbotsford@example.org','(811)936-6662x0684','2018-02-25 21:40:02','2020-09-12 22:12:10'),(79,'Jessy','Kuphal','dlegros@example.net','+42(8)9844126181','2016-05-23 12:38:36','2020-09-12 22:12:10'),(80,'Vita','Altenwerth','mohr.aimee@example.com','+38(3)6068541997','2019-03-01 20:48:12','2020-09-12 22:12:10'),(81,'Michale','Ferry','kling.ansel@example.net','1-387-609-6319x803','2019-06-23 17:32:33','2020-09-12 22:12:10'),(82,'Annie','Schultz','lemuel35@example.org','(173)523-1556','2014-05-18 03:23:21','2020-09-12 22:12:10'),(83,'Alba','Luettgen','nat.nader@example.com','652.588.6188x0298','2012-06-05 03:21:39','2014-09-23 09:01:13'),(84,'Jaylan','Lowe','hoyt.haag@example.org','(876)587-0897x6221','2016-01-29 02:17:35','2020-09-12 22:12:10'),(85,'Gina','Waelchi','pfannerstill.avery@example.org','+87(3)6275785153','2018-10-12 07:39:34','2020-09-12 22:12:10'),(86,'Ona','Beahan','ardith.dubuque@example.net','03499786804','2018-11-19 20:51:31','2020-08-20 23:10:24'),(87,'Maribel','Barton','fdicki@example.org','031-970-9481x30591','2011-11-23 17:12:23','2016-09-09 06:49:00'),(88,'Sarai','Bernier','jcarter@example.org','+80(3)8266792939','2017-04-16 00:19:03','2020-09-12 22:12:10'),(89,'Leopold','Veum','vlemke@example.net','784.640.4365','2012-09-30 20:09:21','2019-12-20 06:56:18'),(90,'Ora','Block','monahan.theodore@example.org','534-987-9073x21198','2015-08-20 10:05:19','2020-04-17 17:12:21'),(91,'Brady','Cronin','ullrich.zola@example.net','177.378.6934x31958','2019-08-19 13:40:22','2020-09-12 22:12:10'),(92,'Harrison','O\'Keefe','greyson.glover@example.org','056.290.7056','2017-05-26 23:04:35','2020-09-12 22:12:10'),(93,'Danielle','Goodwin','wintheiser.mossie@example.org','132.579.4758','2012-02-25 02:22:49','2012-08-06 06:43:25'),(94,'Dominique','Langworth','smertz@example.net','921-848-3507x005','2011-09-13 03:54:42','2012-12-31 15:22:36'),(95,'Ariel','Stark','pearl.flatley@example.net','(952)691-1476x7646','2014-01-15 22:10:15','2020-09-12 22:12:10'),(96,'Jodie','West','maiya.blanda@example.net','1-054-912-9425x30092','2019-10-25 17:55:45','2020-09-12 22:12:10'),(97,'Daren','Glover','aliza.grimes@example.org','1-865-352-7193','2016-04-20 15:43:17','2020-09-12 22:12:10'),(98,'Carol','Harris','wbruen@example.net','1-990-098-4781','2014-04-08 09:43:00','2019-02-19 21:19:41'),(99,'Chloe','Purdy','graham.hallie@example.org','096.326.6542x18733','2014-12-09 06:16:33','2020-09-12 22:12:10'),(100,'Lew','Tillman','akovacek@example.net','1-456-679-2764x339','2011-04-12 04:42:56','2013-09-13 14:39:23');
/*!40000 ALTER TABLE `users` ENABLE KEYS */;
UNLOCK TABLES;
/*!40103 SET TIME_ZONE=@OLD_TIME_ZONE */;

/*!40101 SET SQL_MODE=@OLD_SQL_MODE */;
/*!40014 SET FOREIGN_KEY_CHECKS=@OLD_FOREIGN_KEY_CHECKS */;
/*!40014 SET UNIQUE_CHECKS=@OLD_UNIQUE_CHECKS */;
/*!40101 SET CHARACTER_SET_CLIENT=@OLD_CHARACTER_SET_CLIENT */;
/*!40101 SET CHARACTER_SET_RESULTS=@OLD_CHARACTER_SET_RESULTS */;
/*!40101 SET COLLATION_CONNECTION=@OLD_COLLATION_CONNECTION */;
/*!40111 SET SQL_NOTES=@OLD_SQL_NOTES */;

-- Dump completed on 2020-09-13 16:49:20
